episode,reward,loss,hit_pct,avg_delay_s,epsilon
1,-34387.3063,1662.00793263,62.6000,0.022210,0.997000
2,-36751.2709,1446.05820973,59.7000,0.022417,0.994009
3,-35783.5012,1490.80590285,60.4000,0.020397,0.991027
4,-36806.8379,1521.29070075,59.2000,0.020710,0.988054
5,-38130.3174,1529.95278848,58.0000,0.022517,0.985090
6,-33776.2512,1500.75869231,63.1000,0.021160,0.982134
7,-39214.7864,1480.47991023,56.8000,0.023158,0.979188
8,-40067.8137,1498.52139115,55.8000,0.023414,0.976250
9,-37894.7063,1501.85717932,58.1000,0.021742,0.973322
10,-40518.3111,1480.73431371,55.3000,0.023654,0.970402
11,-38465.2683,1431.95746557,57.5000,0.022192,0.967491
12,-39921.2849,1768.59565947,55.7000,0.022276,0.964588
13,-37039.1783,1732.17457873,59.0000,0.021063,0.961694
14,-38895.2654,1691.16550167,56.9000,0.021947,0.958809
15,-35169.8156,1678.82302519,61.5000,0.021705,0.955933
16,-39779.4955,1680.57323156,55.9000,0.022382,0.953065
17,-36705.1138,1649.15379314,59.5000,0.021389,0.950206
18,-39453.3912,1656.59670738,56.2000,0.021933,0.947355
19,-39453.5946,1663.15073345,56.6000,0.023535,0.944513
20,-38343.1453,1637.81579386,57.5000,0.021576,0.941680
21,-36161.3025,1593.54639156,60.2000,0.021480,0.938855
22,-35336.8046,1865.75275453,60.9000,0.020151,0.936038
23,-36818.5770,1889.18072721,59.3000,0.021163,0.933230
24,-38179.6350,1836.06728296,57.7000,0.021570,0.930430
25,-37862.2536,1840.82828219,58.0000,0.021182,0.927639
26,-38241.7326,1831.44024244,57.6000,0.021479,0.924856
27,-34542.7905,1747.94049972,62.0000,0.020575,0.922081
28,-35567.2510,1786.23189652,60.8000,0.020910,0.919315
29,-37799.3762,1742.48721098,58.2000,0.021663,0.916557
30,-35881.7117,1734.98079123,60.6000,0.021684,0.913808
31,-36345.0839,1694.05796529,59.7000,0.020390,0.911066
32,-36020.6879,1943.48471172,60.5000,0.021961,0.908333
33,-36089.6754,1920.62079543,60.5000,0.022305,0.905608
34,-37929.0948,1840.16108615,58.0000,0.021503,0.902891
35,-36173.8762,1823.53068043,59.9000,0.020335,0.900182
36,-36861.1851,1865.32711175,59.2000,0.020977,0.897482
37,-36770.0705,1767.96918694,59.3000,0.020921,0.894789
38,-36449.8357,1724.88706321,59.8000,0.021314,0.892105
39,-36489.5205,1722.93489581,59.7000,0.021101,0.889429
40,-36122.9328,1680.62321751,60.2000,0.021289,0.886760
41,-36915.9822,1679.39244717,59.2000,0.021240,0.884100
42,-35468.9050,1741.82707874,61.0000,0.021207,0.881448
43,-37378.7151,1678.26897753,58.3000,0.019966,0.878804
44,-34376.2133,1675.31529608,62.1000,0.020138,0.876167
45,-34943.2454,1601.61355396,61.6000,0.020965,0.873539
46,-33005.8399,1568.07560349,63.7000,0.019676,0.870918
47,-37247.9683,1546.68707350,58.8000,0.021304,0.868305
48,-34164.7881,1522.20706621,62.4000,0.020289,0.865700
49,-33468.0179,1519.48678004,63.3000,0.020383,0.863103
50,-34258.8884,1471.43874218,62.2000,0.019952,0.860514
51,-35316.1781,1469.15040075,60.9000,0.020037,0.857932
52,-38244.8098,1447.26896488,57.6000,0.021480,0.855359
53,-36950.4557,1426.36283752,59.2000,0.021424,0.852793
54,-34217.2942,1429.47798532,62.1000,0.019344,0.850234
55,-35410.2298,1411.61837794,60.8000,0.020104,0.847683
56,-36504.3530,1398.43623142,59.8000,0.021584,0.845140
57,-36844.5430,1376.01952080,59.2000,0.020885,0.842605
58,-34565.5624,1364.08008260,61.7000,0.019486,0.840077
59,-35356.3920,1385.77657406,61.1000,0.021037,0.837557
60,-34511.1403,1375.72393617,62.2000,0.021211,0.835044
61,-32802.5320,1369.15135842,64.0000,0.019878,0.832539
62,-35153.7494,1317.98262060,61.3000,0.020824,0.830042
63,-32166.9206,1303.12424363,65.1000,0.021087,0.827551
64,-34064.7375,1292.70205549,62.3000,0.019386,0.825069
65,-33077.1610,1301.45817941,63.8000,0.020439,0.822594
66,-34831.2813,1294.30558538,61.6000,0.020421,0.820126
67,-33755.5505,1287.35937898,63.0000,0.020635,0.817665
68,-31971.9968,1282.48861008,64.9000,0.019295,0.815212
69,-36065.4452,1263.33813793,60.2000,0.020982,0.812767
70,-32176.7389,1284.81889971,64.7000,0.019542,0.810328
71,-33081.1963,1262.99467117,63.8000,0.020459,0.807897
72,-33480.4432,1249.46955048,63.2000,0.020039,0.805474
73,-34961.0200,1233.88753074,61.5000,0.020668,0.803057
74,-34724.6449,1252.08031126,61.6000,0.019869,0.800648
75,-32720.8659,1231.60884809,64.0000,0.019455,0.798246
76,-35805.8942,1229.29907855,60.1000,0.019282,0.795851
77,-33528.2582,1237.49471622,63.0000,0.019496,0.793464
78,-32246.1889,1238.67084574,64.6000,0.019479,0.791084
79,-35580.1739,1239.25219787,60.8000,0.020950,0.788710
80,-35786.8951,1204.95140166,60.4000,0.020385,0.786344
81,-35959.5421,1223.46443655,60.1000,0.020049,0.783985
82,-32534.7401,1227.90769099,64.1000,0.018922,0.781633
83,-32308.2792,1215.44195518,64.6000,0.019792,0.779288
84,-35670.1509,1194.31223764,60.4000,0.019795,0.776950
85,-32765.2964,1245.32689739,64.0000,0.019662,0.774620
86,-33217.1682,1214.66983367,63.6000,0.020331,0.772296
87,-34175.0494,1197.77095975,62.4000,0.020330,0.769979
88,-32618.3170,1216.85367170,64.0000,0.018948,0.767669
89,-32805.8082,1219.87406333,63.9000,0.019470,0.765366
90,-33527.7074,1196.99389852,62.8000,0.018694,0.763070
91,-33150.3749,1165.72159848,63.5000,0.019596,0.760781
92,-35876.8228,1212.19735682,60.2000,0.020034,0.758498
93,-32768.7407,1174.14877147,63.9000,0.019286,0.756223
94,-32200.9896,1167.45678050,64.5000,0.018865,0.753954
95,-31182.8311,1188.54617221,65.7000,0.018573,0.751692
96,-33098.8376,1171.56945730,63.6000,0.019752,0.749437
97,-34502.9895,1176.11677897,61.7000,0.019172,0.747189
98,-33292.5618,1176.05527237,63.4000,0.019905,0.744947
99,-32625.3781,1155.81592655,64.0000,0.018988,0.742712
100,-33945.5746,1161.00835685,62.4000,0.019168,0.740484
101,-32591.9229,1167.20335948,64.0000,0.018813,0.738263
102,-32287.0648,1180.37755421,64.4000,0.018880,0.736048
103,-32265.8507,1164.69067972,64.6000,0.019565,0.733840
104,-32762.8359,1142.60663541,63.8000,0.018855,0.731638
105,-29444.8515,1162.50796666,67.9000,0.018654,0.729443
106,-30907.0578,1138.82574183,66.1000,0.018765,0.727255
107,-32909.6922,1169.34749799,63.9000,0.019987,0.725073
108,-32240.3193,1134.19562843,64.5000,0.019049,0.722898
109,-32768.5292,1114.63049644,64.1000,0.020091,0.720729
110,-28135.5702,1165.03487548,69.3000,0.017713,0.718567
111,-34816.0783,1148.02924480,61.1000,0.018326,0.716412
112,-32646.5662,1138.88388958,64.0000,0.019063,0.714262
113,-34744.3939,1121.86290935,61.5000,0.019564,0.712120
114,-31525.3298,1155.42698753,65.2000,0.018280,0.709983
115,-34322.4843,1136.70319858,62.1000,0.019863,0.707853
116,-33711.0268,1121.54965891,62.8000,0.019606,0.705730
117,-30659.6622,1123.11483883,66.5000,0.019153,0.703612
118,-31103.2447,1142.65146417,65.7000,0.018168,0.701502
119,-32613.6603,1149.36951895,64.2000,0.019711,0.699397
120,-32044.5823,1139.34891325,64.7000,0.018856,0.697299
121,-33292.1290,1134.55629011,63.4000,0.019899,0.695207
122,-31437.2366,1149.77575093,65.5000,0.019018,0.693121
123,-30828.7775,1147.11206624,66.1000,0.018380,0.691042
124,-32588.8786,1150.29124285,64.2000,0.019600,0.688969
125,-32306.1765,1155.68356028,64.1000,0.017772,0.686902
126,-33805.1069,1135.40695677,62.5000,0.018872,0.684841
127,-31757.2101,1146.13204212,64.8000,0.017840,0.682787
128,-32749.4017,1134.39622999,63.8000,0.018785,0.680738
129,-31538.1483,1151.65474669,65.3000,0.018737,0.678696
130,-31295.7985,1134.40569800,65.3000,0.017519,0.676660
131,-31864.0173,1120.44192933,64.8000,0.018346,0.674630
132,-29578.0994,1192.75236597,67.5000,0.017725,0.672606
133,-30641.7461,1148.93956669,66.4000,0.018655,0.670588
134,-30513.5912,1163.26830138,66.6000,0.018806,0.668577
135,-31131.7432,1150.20891537,65.9000,0.019103,0.666571
136,-32646.1773,1145.46332331,63.9000,0.018667,0.664571
137,-32981.8348,1189.00496111,63.4000,0.018351,0.662578
138,-34567.7017,1157.59810280,61.7000,0.019491,0.660590
139,-28928.1005,1171.67421013,68.6000,0.018884,0.658608
140,-29861.5295,1164.07678485,67.3000,0.018339,0.656632
141,-33598.0119,1159.79349687,62.8000,0.019029,0.654662
142,-31239.3418,1153.19643894,65.4000,0.017639,0.652698
143,-31490.4449,1122.59107030,65.2000,0.018086,0.650740
144,-33468.9626,1122.73265348,63.3000,0.020377,0.648788
145,-30134.9756,1128.18139490,66.8000,0.017717,0.646842
146,-30135.6869,1107.69355042,66.9000,0.018118,0.644901
147,-31410.6189,1111.60726481,65.7000,0.019683,0.642966
148,-31567.2079,1110.35641792,65.1000,0.018073,0.641037
149,-31706.7742,1109.96854140,65.0000,0.018368,0.639114
150,-31959.5149,1116.11981121,64.9000,0.019236,0.637197
151,-29651.6657,1090.87507730,67.3000,0.017297,0.635285
152,-29598.5325,1125.20743745,67.6000,0.018229,0.633380
153,-30982.8066,1129.54748627,65.8000,0.017955,0.631479
154,-33199.1814,1135.58722037,63.1000,0.018244,0.629585
155,-29863.5361,1119.64362385,67.1000,0.017562,0.627696
156,-31490.3962,1136.55621232,65.2000,0.018091,0.625813
157,-31085.7699,1127.70355659,65.7000,0.018084,0.623936
158,-29335.7985,1125.32336198,67.8000,0.017719,0.622064
159,-31361.1035,1113.24284355,65.5000,0.018648,0.620198
160,-30708.5738,1123.34263025,66.1000,0.017763,0.618337
161,-31194.9258,1135.43476481,65.5000,0.017796,0.616482
162,-31809.0156,1109.95464416,64.8000,0.018094,0.614633
163,-29886.5864,1111.93067444,67.2000,0.018061,0.612789
164,-30916.5232,1096.11787177,65.9000,0.018022,0.610950
165,-31155.4028,1079.65519882,65.4000,0.017225,0.609118
166,-30020.1921,1102.24849701,67.0000,0.017943,0.607290
167,-28710.1188,1103.62683913,68.7000,0.018192,0.605468
168,-28261.5471,1080.66883995,69.1000,0.017549,0.603652
169,-30918.3904,1073.01265912,66.1000,0.018826,0.601841
170,-30481.2915,1068.42563223,66.5000,0.018229,0.600035
171,-29736.6689,1088.64806214,67.3000,0.017702,0.598235
172,-31624.3812,1126.92810761,65.2000,0.018755,0.596441
173,-29819.8626,1106.00153999,67.1000,0.017341,0.594651
174,-28462.5368,1102.14062988,68.7000,0.016952,0.592867
175,-28117.5457,1076.29077041,69.3000,0.017623,0.591089
176,-30697.8268,1076.32808196,66.1000,0.017740,0.589315
177,-28640.2567,1089.35943665,68.5000,0.017028,0.587548
178,-31956.8795,1098.64467336,64.7000,0.018418,0.585785
179,-30891.6204,1076.67599913,65.8000,0.017482,0.584028
180,-30890.4724,1071.53827372,65.9000,0.017891,0.582275
181,-31925.7557,1091.64686740,64.7000,0.018268,0.580529
182,-29138.8463,1102.15201500,68.0000,0.017533,0.578787
183,-31334.5595,1086.58459375,65.4000,0.018110,0.577051
184,-28907.1738,1096.93195538,68.3000,0.017574,0.575320
185,-29929.7389,1099.14571621,67.0000,0.017484,0.573594
186,-30508.6413,1096.06994907,66.2000,0.017187,0.571873
187,-30234.6787,1059.98771283,66.8000,0.018211,0.570157
188,-30506.9346,1086.47925479,66.2000,0.017166,0.568447
189,-30573.5307,1071.81303093,66.1000,0.017099,0.566741
190,-31170.2077,1082.40982109,65.6000,0.018083,0.565041
191,-30215.2435,1072.64717720,66.7000,0.017706,0.563346
192,-31615.2991,1070.92166898,65.2000,0.018727,0.561656
193,-29456.2108,1091.09858744,67.4000,0.016737,0.559971
194,-28540.4571,1092.17742509,68.6000,0.016953,0.558291
195,-29653.3102,1056.04336569,67.3000,0.017302,0.556616
196,-28452.1379,1061.33856183,68.9000,0.017688,0.554946
197,-31442.2402,1065.49226616,65.2000,0.017841,0.553282
198,-31204.5352,1071.16874701,65.6000,0.018264,0.551622
199,-30055.3880,1081.04927657,67.0000,0.018111,0.549967
200,-27690.5908,1077.56747463,69.6000,0.016688,0.548317
201,-29951.5236,1086.00617029,67.1000,0.017975,0.546672
202,-31163.4058,1127.03960489,65.5000,0.017643,0.545032
203,-28657.1736,1092.38718102,68.5000,0.017123,0.543397
204,-28160.6355,1071.39238826,69.2000,0.017450,0.541767
205,-31863.1297,1106.59423941,64.7000,0.017964,0.540141
206,-29459.7527,1078.77114790,67.5000,0.017134,0.538521
207,-29856.3239,1100.20055545,67.0000,0.017119,0.536905
208,-28178.9886,1086.05511385,68.9000,0.016325,0.535295
209,-30083.4555,1072.31996482,66.9000,0.017850,0.533689
210,-30074.9057,1089.89959342,66.9000,0.017816,0.532088
211,-26741.9593,1072.94361225,70.7000,0.016360,0.530491
212,-28611.0920,1099.30353569,68.7000,0.017691,0.528900
213,-28731.0306,1077.08096290,68.4000,0.017107,0.527313
214,-30132.4773,1107.06954666,66.6000,0.016908,0.525731
215,-29391.3573,1085.95253859,67.5000,0.016807,0.524154
216,-28885.7562,1091.50633117,68.1000,0.016661,0.522582
217,-27336.6388,1084.67705987,70.0000,0.016521,0.521014
218,-27307.8556,1092.34435179,70.0000,0.016394,0.519451
219,-28507.2000,1099.43144174,68.6000,0.016773,0.517893
220,-27846.9501,1077.32062530,69.6000,0.017459,0.516339
221,-30471.6701,1098.71946112,66.1000,0.016606,0.514790
222,-31253.9534,1119.14693916,65.5000,0.018113,0.513245
223,-28521.9704,1112.39782494,68.6000,0.016864,0.511706
224,-28596.1210,1099.99785689,68.5000,0.016835,0.510171
225,-29912.2069,1130.29697122,66.9000,0.017006,0.508640
226,-29857.0672,1109.11050211,67.1000,0.017528,0.507114
227,-27853.5048,1098.36965740,69.3000,0.016310,0.505593
228,-27374.2232,1105.91123458,69.9000,0.016315,0.504076
229,-27521.9631,1088.18458570,69.8000,0.016638,0.502564
230,-27113.1928,1131.76087977,70.2000,0.016182,0.501056
231,-28639.0803,1088.05243039,68.4000,0.016636,0.499553
232,-28667.2665,1171.26642370,68.4000,0.016788,0.498054
233,-25806.2858,1135.81269718,71.7000,0.015678,0.496560
234,-28813.6074,1167.68192261,68.3000,0.017117,0.495070
235,-31308.9049,1139.21279050,65.4000,0.018001,0.493585
236,-27869.9942,1123.56080419,69.3000,0.016391,0.492105
237,-28554.0276,1144.87113774,68.5000,0.016611,0.490628
238,-28912.4863,1103.27276748,68.3000,0.017603,0.489156
239,-28247.2931,1157.13699885,68.9000,0.016682,0.487689
240,-28374.6138,1129.27377124,68.6000,0.016110,0.486226
241,-28572.2704,1106.85716006,68.5000,0.016700,0.484767
242,-26159.4038,1136.42593407,71.1000,0.015033,0.483313
243,-28682.2716,1120.84322539,68.4000,0.016852,0.481863
244,-29602.9203,1114.07960637,67.3000,0.017057,0.480417
245,-26480.0499,1123.23782293,71.1000,0.016638,0.478976
246,-28870.6565,1091.86324214,68.3000,0.017386,0.477539
247,-29689.8141,1103.42927297,67.3000,0.017507,0.476106
248,-28170.0951,1086.95566056,69.1000,0.017076,0.474678
249,-28088.2386,1111.43748117,69.1000,0.016668,0.473254
250,-26107.9663,1113.20257835,71.4000,0.015960,0.471834
251,-27172.5480,1068.13435477,70.1000,0.016116,0.470419
252,-28251.5253,1132.58438780,68.9000,0.016694,0.469008
253,-26754.8582,1125.04614500,70.6000,0.016029,0.467601
254,-29127.4690,1147.21245124,67.9000,0.017084,0.466198
255,-28349.4849,1091.22934767,68.9000,0.017182,0.464799
256,-28797.3655,1107.20530503,68.2000,0.016639,0.463405
257,-28251.3363,1106.72762672,68.8000,0.016295,0.462015
258,-28727.0378,1119.93855688,68.5000,0.017479,0.460629
259,-26346.5910,1087.51963487,71.1000,0.015978,0.459247
260,-28963.2982,1099.49874708,68.1000,0.017050,0.457869
261,-29123.0490,1112.06402403,68.0000,0.017476,0.456495
262,-28550.6238,1115.82387621,68.5000,0.016599,0.455126
263,-26830.8057,1129.72552951,70.7000,0.016805,0.453760
264,-27133.5499,1098.94889778,70.2000,0.016310,0.452399
265,-26326.5384,1096.11214736,71.1000,0.015886,0.451042
266,-25105.1753,1077.68146875,72.6000,0.015761,0.449689
267,-28384.8748,1134.25922497,68.6000,0.016161,0.448340
268,-26430.6432,1118.47144046,70.8000,0.015213,0.446995
269,-25662.8069,1104.44472943,71.9000,0.015740,0.445654
270,-27609.8394,1088.68242500,69.8000,0.017084,0.444317
271,-27976.8053,1125.13360889,69.2000,0.016533,0.442984
272,-26653.1796,1124.51544462,70.8000,0.016314,0.441655
273,-27302.9864,1137.51505548,70.0000,0.016366,0.440330
274,-28624.0836,1127.83803421,68.4000,0.016564,0.439009
275,-27330.3333,1131.61730077,69.9000,0.016102,0.437692
276,-29156.2415,1086.82625158,67.7000,0.016421,0.436379
277,-26948.7336,1107.77630879,70.6000,0.016981,0.435070
278,-24651.6433,1111.58019996,73.1000,0.015495,0.433765
279,-26688.2430,1131.17998439,70.6000,0.015697,0.432463
280,-27644.4501,1101.45162810,69.5000,0.016063,0.431166
281,-27416.0614,1109.88685344,69.9000,0.016518,0.429872
282,-30218.1123,1133.93621682,66.5000,0.016933,0.428583
283,-27500.1589,1126.96910441,69.7000,0.016151,0.427297
284,-28445.5500,1146.10109689,68.5000,0.016063,0.426015
285,-26606.0740,1136.06157920,70.8000,0.016063,0.424737
286,-28232.5465,1107.64740460,68.9000,0.016613,0.423463
287,-27989.4568,1140.85630959,69.0000,0.015780,0.422192
288,-26344.2070,1133.11809895,71.1000,0.015963,0.420926
289,-28251.5515,1125.28303756,68.9000,0.016677,0.419663
290,-29291.1015,1118.72024350,67.5000,0.016288,0.418404
291,-27359.1355,1127.47133332,70.0000,0.016625,0.417149
292,-25828.5026,1118.73043521,71.8000,0.016185,0.415897
293,-26810.0423,1120.26434438,70.6000,0.016299,0.414650
294,-28308.7541,1106.26436472,68.7000,0.016186,0.413406
295,-27962.8716,1148.00724742,69.2000,0.016472,0.412166
296,-27980.4760,1108.12566681,69.2000,0.016540,0.410929
297,-28810.8444,1140.38561493,67.9000,0.015492,0.409696
298,-25813.6051,1132.29073063,71.7000,0.015712,0.408467
299,-28642.8039,1129.70661485,68.2000,0.015859,0.407242
300,-25956.1283,1160.94290972,71.5000,0.015631,0.406020
301,-26177.0573,1102.45649665,71.3000,0.015915,0.404802
302,-26022.3761,1176.11054569,71.3000,0.015149,0.403588
303,-26267.5852,1137.88911089,71.2000,0.015982,0.402377
304,-27359.2133,1137.81845259,69.9000,0.016232,0.401170
305,-27394.9453,1101.75401611,69.8000,0.016025,0.399966
306,-26967.7753,1096.38061910,70.5000,0.016688,0.398766
307,-27834.0934,1155.13332135,69.4000,0.016617,0.397570
308,-26566.6991,1130.63219346,70.9000,0.016272,0.396377
309,-25356.8769,1102.48758091,72.2000,0.015419,0.395188
310,-26379.9750,1113.67602038,71.1000,0.016139,0.394003
311,-25745.4371,1096.12660065,71.9000,0.016167,0.392821
312,-26544.1844,1116.48070272,70.7000,0.015371,0.391642
313,-26522.8243,1131.03710544,70.7000,0.015280,0.390467
314,-27676.7987,1086.43513440,69.4000,0.015829,0.389296
315,-28441.4195,1106.80392436,68.4000,0.015651,0.388128
316,-28324.4096,1153.54749952,68.8000,0.016675,0.386964
317,-27383.6888,1145.64775970,69.8000,0.015960,0.385803
318,-26544.1012,1121.97336866,70.8000,0.015748,0.384645
319,-26871.3884,1185.41893124,70.5000,0.016193,0.383491
320,-27718.9493,1163.43054461,69.5000,0.016433,0.382341
321,-25284.0373,1115.70833832,72.1000,0.014647,0.381194
322,-28231.5878,1138.24216202,68.7000,0.015816,0.380050
323,-25506.9260,1139.83849688,72.2000,0.016177,0.378910
324,-28124.1624,1128.94965214,68.9000,0.016069,0.377773
325,-28865.8059,1129.14486727,68.0000,0.016179,0.376640
326,-27151.4107,1116.14739322,70.1000,0.015995,0.375510
327,-26105.7080,1154.64426360,71.3000,0.015576,0.374384
328,-27306.3050,1121.90154519,70.0000,0.016365,0.373260
329,-27115.7644,1119.77261938,70.3000,0.016629,0.372141
330,-25725.5263,1116.69975356,71.7000,0.015253,0.371024
331,-26059.2511,1131.79497225,71.3000,0.015332,0.369911
332,-26538.2722,1197.74334573,70.7000,0.015341,0.368801
333,-26548.9135,1148.04730653,70.8000,0.015780,0.367695
334,-24972.1524,1205.03280976,72.7000,0.015498,0.366592
335,-25917.8597,1164.11159274,71.7000,0.016252,0.365492
336,-24932.6457,1153.18118355,72.6000,0.014914,0.364396
337,-26797.0520,1157.74935770,70.5000,0.015829,0.363302
338,-26514.8426,1201.42066380,70.7000,0.015214,0.362213
339,-25358.4774,1198.98459086,72.3000,0.015828,0.361126
340,-25302.4005,1136.72823778,72.2000,0.015173,0.360043
341,-26520.9900,1144.56754891,70.6000,0.014852,0.358962
342,-26778.2777,1164.81369060,70.5000,0.015733,0.357886
343,-25802.7795,1147.90644359,71.6000,0.015253,0.356812
344,-24783.6628,1179.56090685,72.9000,0.015342,0.355741
345,-24826.7343,1185.36998310,72.9000,0.015582,0.354674
346,-25745.4720,1159.91291308,71.9000,0.016166,0.353610
347,-26962.1838,1133.95090231,70.3000,0.015853,0.352549
348,-25841.2805,1139.08327995,71.6000,0.015436,0.351492
349,-23654.2705,1198.92507047,74.1000,0.014493,0.350437
350,-26342.1165,1110.84049181,71.0000,0.015550,0.349386
351,-23745.6294,1132.29618897,74.2000,0.015377,0.348338
352,-26731.6376,1216.52182923,70.6000,0.015919,0.347293
353,-25398.1964,1148.85921249,72.3000,0.016044,0.346251
354,-24819.6590,1188.40493058,72.7000,0.014735,0.345212
355,-26676.3598,1139.01830494,70.5000,0.015230,0.344176
356,-26351.2515,1217.80640355,71.0000,0.015603,0.343144
357,-26139.9025,1171.32634474,71.3000,0.015741,0.342115
358,-27593.7571,1172.81135550,69.3000,0.015000,0.341088
359,-26478.0710,1119.56916383,70.7000,0.015038,0.340065
360,-25956.8495,1191.82136250,71.5000,0.015619,0.339045
361,-25235.2490,1208.19411919,72.5000,0.016019,0.338028
362,-26450.5191,1194.39307787,70.9000,0.015705,0.337014
363,-25077.7676,1141.24416602,72.3000,0.014439,0.336002
364,-26160.8810,1155.99215657,71.0000,0.014647,0.334994
365,-26980.2628,1155.51696291,70.3000,0.015953,0.333989
366,-25210.6752,1227.36557267,72.2000,0.014706,0.332988
367,-26580.3099,1155.09066427,70.6000,0.015159,0.331989
368,-25467.2144,1155.19614870,71.9000,0.014782,0.330993
369,-26141.9789,1153.88552450,71.3000,0.015775,0.330000
370,-24966.6343,1147.19096304,72.6000,0.015064,0.329010
371,-25987.1790,1144.91844503,71.4000,0.015353,0.328023
372,-24882.4505,1196.19219521,72.8000,0.015474,0.327039
373,-25189.5610,1217.32595979,72.3000,0.014999,0.326057
374,-23533.8801,1208.87262802,74.4000,0.015104,0.325079
375,-26920.8400,1220.88703760,70.3000,0.015656,0.324104
376,-25910.6326,1197.05452701,71.6000,0.015789,0.323132
377,-25118.5771,1232.87035435,72.4000,0.015008,0.322162
378,-24537.9317,1162.56517811,73.2000,0.015346,0.321196
379,-26003.3601,1175.08595426,71.3000,0.015046,0.320232
380,-23900.2900,1120.41128855,73.9000,0.014937,0.319272
381,-25622.4420,1162.10653052,71.8000,0.015155,0.318314
382,-23475.7469,1229.94903758,74.5000,0.015230,0.317359
383,-25336.0281,1127.92096187,72.4000,0.016129,0.316407
384,-24359.8335,1128.13972204,73.4000,0.015239,0.315457
385,-25321.0771,1183.53568568,72.2000,0.015243,0.314511
386,-26669.9182,1138.26655432,70.6000,0.015597,0.313568
387,-24357.7534,1165.39781111,73.3000,0.014842,0.312627
388,-26272.7295,1191.31962020,71.0000,0.015206,0.311689
389,-24766.9142,1130.03693211,72.9000,0.015265,0.310754
390,-27809.2120,1141.56457581,69.1000,0.015291,0.309822
391,-25316.6836,1133.77916607,72.1000,0.014841,0.308892
392,-25238.6829,1200.37598048,72.2000,0.014862,0.307965
393,-27641.2896,1176.19333091,69.4000,0.015682,0.307042
394,-23311.7297,1165.83029933,74.7000,0.015222,0.306120
395,-23786.4089,1224.41564521,74.2000,0.015582,0.305202
396,-25517.2720,1226.09321682,72.0000,0.015434,0.304287
397,-25320.6944,1222.05597176,72.1000,0.014843,0.303374
398,-24798.5129,1214.53013710,72.8000,0.015017,0.302464
399,-25982.9599,1201.31562229,71.4000,0.015356,0.301556
400,-23182.8345,1223.40294058,74.7000,0.014547,0.300651
401,-25688.9985,1192.01282827,71.7000,0.015087,0.299750
402,-25691.5397,1150.57176443,71.7000,0.015116,0.298850
403,-27358.8111,1183.96521395,69.7000,0.015453,0.297954
404,-25280.4494,1184.56386143,72.2000,0.015061,0.297060
405,-23502.3909,1240.24053988,74.4000,0.014954,0.296169
406,-24043.1754,1205.58247682,73.6000,0.014457,0.295280
407,-25470.9992,1184.83132956,71.9000,0.014813,0.294394
408,-26172.4850,1219.67823652,71.2000,0.015522,0.293511
409,-24570.7816,1186.22253287,73.2000,0.015485,0.292631
410,-26428.1763,1119.98866914,70.8000,0.015213,0.291753
411,-23697.5378,1107.67037573,74.2000,0.015123,0.290877
412,-24361.1876,1211.37937982,73.3000,0.014853,0.290005
413,-24243.2897,1151.66930334,73.4000,0.014684,0.289135
414,-23021.5768,1193.52669654,75.0000,0.014969,0.288267
415,-24454.0042,1224.63570156,73.2000,0.014920,0.287403
416,-23570.4832,1126.03310443,74.3000,0.014919,0.286540
417,-24442.7120,1135.26924764,73.1000,0.014466,0.285681
418,-25397.0377,1163.47331767,72.0000,0.014838,0.284824
419,-23494.8530,1134.00770458,74.4000,0.014922,0.283969
420,-22839.8059,1285.52467542,75.2000,0.014846,0.283117
421,-24185.2837,1191.24567232,73.4000,0.014349,0.282268
422,-22515.6426,1268.73339332,75.5000,0.014407,0.281421
423,-27789.9286,1177.36031795,68.9000,0.014408,0.280577
424,-24985.4489,1238.23812275,72.4000,0.014384,0.279735
425,-23434.4395,1241.62980076,74.5000,0.015011,0.278896
426,-21417.2537,1243.03688043,76.9000,0.014523,0.278059
427,-24025.4365,1185.46030384,73.7000,0.014769,0.277225
428,-23106.4138,1163.82534479,74.8000,0.014565,0.276393
429,-23780.9482,1247.29115686,74.0000,0.014755,0.275564
430,-25193.2121,1220.58804085,72.2000,0.014606,0.274738
431,-23817.0609,1268.68193327,73.9000,0.014509,0.273913
432,-25039.2029,1200.73378035,72.4000,0.014626,0.273092
433,-25255.8436,1208.03428701,72.1000,0.014538,0.272272
434,-23590.7862,1272.17018682,74.1000,0.014205,0.271456
435,-24091.7805,1232.91073507,73.5000,0.014290,0.270641
436,-24947.8880,1212.15717576,72.6000,0.014981,0.269829
437,-25553.6538,1187.33545637,71.8000,0.014803,0.269020
438,-24465.1495,1194.67163632,73.0000,0.014169,0.268213
439,-24410.8193,1174.60844450,73.4000,0.015488,0.267408
440,-23366.0730,1228.47539450,74.4000,0.014276,0.266606
441,-24257.1511,1239.82790463,73.3000,0.014330,0.265806
442,-23709.2956,1266.53134429,74.1000,0.014799,0.265009
443,-21850.1502,1267.27443645,76.4000,0.014703,0.264214
444,-21985.8300,1231.46814661,76.1000,0.014176,0.263421
445,-23676.2377,1254.48124305,74.2000,0.015031,0.262631
446,-24123.4591,1195.03700244,73.6000,0.014865,0.261843
447,-22744.6986,1204.44333194,75.3000,0.014749,0.261057
448,-23212.4551,1284.20093584,74.5000,0.013889,0.260274
449,-24573.8815,1190.37478722,73.2000,0.015515,0.259493
450,-24830.4149,1264.70449266,72.6000,0.014412,0.258715
451,-26768.2673,1214.01379668,70.2000,0.014487,0.257939
452,-23914.0076,1291.16065881,73.7000,0.014215,0.257165
453,-25217.7320,1300.87817831,72.2000,0.014757,0.256393
454,-22866.4642,1214.59537319,75.0000,0.014180,0.255624
455,-23856.5893,1249.44056734,73.9000,0.014726,0.254857
456,-23518.7854,1160.58426287,74.3000,0.014622,0.254093
457,-24608.8903,1203.10025024,72.9000,0.014499,0.253330
458,-23529.1065,1192.60845445,74.2000,0.014279,0.252570
459,-23442.2738,1257.19989628,74.3000,0.014254,0.251813
460,-23851.5088,1291.10797700,73.8000,0.014316,0.251057
461,-26064.2707,1222.55862399,71.2000,0.014966,0.250304
462,-24628.0226,1355.05680865,72.9000,0.014589,0.249553
463,-22348.7257,1317.51513186,75.6000,0.014001,0.248805
464,-24797.6566,1144.46717948,72.7000,0.014643,0.248058
465,-22887.9191,1282.60065337,75.1000,0.014697,0.247314
466,-24244.3282,1208.10054732,73.4000,0.014683,0.246572
467,-22813.2793,1288.34216626,75.0000,0.013917,0.245832
468,-23009.9048,1275.58941556,74.8000,0.014090,0.245095
469,-24576.7573,1301.74344155,73.0000,0.014732,0.244360
470,-23518.4594,1261.19353030,74.2000,0.014241,0.243626
471,-24755.7792,1299.72544420,72.9000,0.015220,0.242896
472,-23228.1627,1258.46091654,74.6000,0.014412,0.242167
473,-22652.0900,1255.21894451,75.3000,0.014328,0.241440
474,-24576.8593,1241.80338482,73.0000,0.014732,0.240716
475,-24016.6746,1248.78091934,73.6000,0.014336,0.239994
476,-22143.3137,1286.73030562,76.0000,0.014564,0.239274
477,-22729.3719,1235.00278453,75.2000,0.014288,0.238556
478,-22332.6866,1223.76490445,75.8000,0.014712,0.237840
479,-26593.0919,1302.55510674,70.6000,0.015206,0.237127
480,-23845.4227,1213.47440265,73.9000,0.014684,0.236416
481,-24734.2074,1306.10502648,72.8000,0.014719,0.235706
482,-23115.3023,1195.44010971,74.7000,0.014238,0.234999
483,-23348.2260,1157.23923231,74.5000,0.014605,0.234294
484,-23030.3135,1316.62134265,74.8000,0.014219,0.233591
485,-24142.6981,1281.80776931,73.3000,0.013775,0.232891
486,-22338.1214,1243.08911641,75.7000,0.014347,0.232192
487,-24631.6355,1264.44099612,72.9000,0.014631,0.231495
488,-22871.5824,1177.87744244,75.0000,0.014215,0.230801
489,-22096.4391,1253.61511798,76.1000,0.014743,0.230108
490,-22208.7498,1177.00870066,75.8000,0.014078,0.229418
491,-23457.0972,1227.63345930,74.3000,0.014354,0.228730
492,-25226.1027,1283.51599983,72.2000,0.014787,0.228044
493,-23371.1599,1404.86682106,74.3000,0.013900,0.227359
494,-23618.4952,1366.77302699,74.2000,0.014754,0.226677
495,-23395.4751,1266.97313212,74.3000,0.014027,0.225997
496,-23946.8719,1247.72652687,73.7000,0.014401,0.225319
497,-21941.6823,1293.69795116,76.1000,0.013950,0.224643
498,-25253.8188,1311.82603780,72.1000,0.014532,0.223969
499,-24157.1093,1245.26365397,73.4000,0.014246,0.223298
500,-23168.8280,1214.96071400,74.6000,0.014090,0.222628
501,-25328.7388,1255.79911516,72.0000,0.014492,0.221960
502,-23065.7196,1283.23760871,74.8000,0.014392,0.221294
503,-23448.9101,1314.32924414,74.4000,0.014700,0.220630
504,-21570.0727,1229.37330538,76.6000,0.014110,0.219968
505,-23580.8136,1352.75577485,74.1000,0.014156,0.219308
506,-25051.6417,1276.83471876,72.3000,0.014329,0.218650
507,-24864.7728,1365.76577792,72.5000,0.014193,0.217994
508,-22968.5961,1291.66121358,74.8000,0.013896,0.217340
509,-22687.1286,1197.67474372,75.2000,0.014090,0.216688
510,-21841.2294,1288.29616663,76.2000,0.013872,0.216038
511,-23555.5415,1236.43907100,74.2000,0.014433,0.215390
512,-25375.6945,1240.77133744,72.0000,0.014745,0.214744
513,-23353.1722,1309.90767657,74.5000,0.014627,0.214100
514,-23229.8349,1290.02291246,74.5000,0.014011,0.213457
515,-25599.5495,1311.97431959,71.7000,0.014655,0.212817
516,-22951.9656,1257.49594736,74.8000,0.013813,0.212179
517,-24524.7177,1307.27275792,72.8000,0.013700,0.211542
518,-21666.2934,1374.57263051,76.5000,0.014181,0.210907
519,-21071.6179,1280.35638801,77.1000,0.013602,0.210275
520,-21343.5366,1263.42294090,76.8000,0.013761,0.209644
521,-24100.8842,1268.84486796,73.5000,0.014334,0.209015
522,-23049.6962,1312.22018456,74.7000,0.013892,0.208388
523,-23958.9551,1241.63206852,73.8000,0.014840,0.207763
524,-22742.7510,1371.83848813,75.1000,0.013956,0.207140
525,-22446.0803,1271.08373942,75.5000,0.014085,0.206518
526,-24494.9529,1285.70731214,73.0000,0.014334,0.205899
527,-22879.7020,1316.23846204,75.1000,0.014637,0.205281
528,-23476.3604,1248.02305344,74.3000,0.014437,0.204665
529,-24232.0191,1342.05304939,73.3000,0.014210,0.204051
530,-23270.4387,1272.50918635,74.4000,0.013821,0.203439
531,-20576.0522,1193.75247684,77.8000,0.013950,0.202829
532,-22070.5480,1417.97629190,75.9000,0.013816,0.202220
533,-21944.8629,1269.89677373,76.2000,0.014379,0.201613
534,-22060.3421,1207.44904794,76.0000,0.014147,0.201009
535,-24215.7152,1316.67673273,73.4000,0.014522,0.200406
536,-21737.7352,1351.09281090,76.3000,0.013736,0.199804
537,-24816.5255,1498.06090982,72.6000,0.014306,0.199205
538,-24544.5449,1210.73759870,73.0000,0.014582,0.198607
539,-21659.5890,1410.10969005,76.4000,0.013750,0.198011
540,-24554.6369,1398.73644922,73.1000,0.015028,0.197417
541,-22546.4180,1387.54631329,75.5000,0.014583,0.196825
542,-19416.2972,1308.04429281,79.1000,0.013355,0.196235
543,-23484.3779,1369.33446165,74.2000,0.014064,0.195646
544,-24154.2020,1227.13088931,73.4000,0.014250,0.195059
545,-23800.1734,1302.16485826,73.9000,0.014457,0.194474
546,-22205.6568,1254.86187307,75.8000,0.014074,0.193890
547,-23514.1958,1319.54334237,74.2000,0.014209,0.193309
548,-24196.4034,1431.34089408,73.4000,0.014436,0.192729
549,-22013.8445,1380.06538105,76.1000,0.014319,0.192151
550,-22827.9402,1283.77837925,75.1000,0.014399,0.191574
551,-23967.2499,1304.93914710,73.6000,0.014090,0.190999
552,-23241.9442,1396.99368376,74.5000,0.014084,0.190427
553,-24417.5691,1331.75944090,73.1000,0.014354,0.189855
554,-23684.5052,1405.59860141,74.0000,0.014270,0.189286
555,-24738.9472,1273.09725037,72.7000,0.014351,0.188718
556,-23882.6091,1245.82798629,73.7000,0.014072,0.188152
557,-23463.8880,1248.76339050,74.2000,0.013990,0.187587
558,-22535.3998,1240.17419850,75.4000,0.014127,0.187024
559,-20790.3341,1327.57046238,77.5000,0.013794,0.186463
560,-21408.1434,1435.62122816,76.7000,0.013701,0.185904
561,-22605.1571,1383.14811670,75.3000,0.014053,0.185346
562,-23297.3139,1217.73529359,74.4000,0.013945,0.184790
563,-21581.2066,1378.59626950,76.5000,0.013782,0.184236
564,-24031.5962,1288.52603539,73.6000,0.014421,0.183683
565,-24825.5293,1286.06446488,72.6000,0.014386,0.183132
566,-23193.1431,1422.69833010,74.6000,0.014221,0.182583
567,-22707.8644,1363.93574720,75.1000,0.013794,0.182035
568,-22937.3616,1376.33661710,74.9000,0.014152,0.181489
569,-21949.7353,1361.77015278,76.1000,0.014003,0.180944
570,-21798.5581,1389.43536128,76.2000,0.013637,0.180402
571,-23398.1240,1287.26446556,74.4000,0.014422,0.179860
572,-24841.8183,1385.50049344,72.5000,0.014067,0.179321
573,-25391.2278,1263.86529423,72.0000,0.014832,0.178783
574,-23979.1755,1297.28172403,73.5000,0.013766,0.178246
575,-23431.2136,1320.00103308,74.3000,0.014208,0.177712
576,-21613.3583,1398.24534387,76.4000,0.013511,0.177179
577,-22465.6151,1463.57438692,75.4000,0.013782,0.176647
578,-22579.3215,1507.72198201,75.2000,0.013542,0.176117
579,-23734.8815,1297.75559643,73.9000,0.014131,0.175589
580,-22761.8893,1474.21124584,75.0000,0.013634,0.175062
581,-21959.7293,1354.41670274,76.1000,0.014033,0.174537
582,-20381.7448,1383.94293575,78.0000,0.013771,0.174013
583,-19801.2474,1578.44233579,78.6000,0.013255,0.173491
584,-23729.0642,1384.64843805,73.9000,0.014089,0.172971
585,-22991.8117,1399.82948386,74.8000,0.014007,0.172452
586,-22146.5095,1302.04701093,75.9000,0.014173,0.171934
587,-23722.2615,1383.30247948,73.9000,0.014059,0.171419
588,-23026.2883,1311.85923312,74.7000,0.013790,0.170904
589,-21426.6809,1421.51530012,76.6000,0.013396,0.170392
590,-22888.9730,1385.16804133,74.9000,0.013907,0.169880
591,-22688.0977,1321.16074045,75.2000,0.014089,0.169371
592,-24003.1038,1277.24774470,73.6000,0.014275,0.168863
593,-21104.4228,1437.32146755,77.0000,0.013385,0.168356
594,-22289.5977,1332.82012398,75.6000,0.013723,0.167851
595,-21745.7340,1354.75173928,76.2000,0.013395,0.167347
596,-24684.7944,1382.74860308,72.7000,0.014086,0.166845
597,-22101.5532,1395.44841036,75.9000,0.013948,0.166345
598,-25000.1240,1415.32643603,72.1000,0.013235,0.165846
599,-22191.5394,1277.02554885,75.7000,0.013615,0.165348
600,-22384.1576,1477.12368875,75.5000,0.013759,0.164852
601,-21280.0007,1437.40280659,76.9000,0.013849,0.164358
602,-21893.9865,1342.38086540,76.1000,0.013737,0.163865
603,-22713.4319,1488.53773715,75.2000,0.014225,0.163373
604,-25190.2544,1500.61715140,72.1000,0.014203,0.162883
605,-23723.4360,1466.63358552,74.0000,0.014445,0.162394
606,-21616.2830,1356.60188498,76.5000,0.013925,0.161907
607,-21732.2910,1408.14424730,76.3000,0.013712,0.161421
608,-23665.8782,1273.37541901,74.0000,0.014173,0.160937
609,-22076.6902,1286.88374829,75.9000,0.013841,0.160454
610,-21505.1228,1478.00212783,76.6000,0.013748,0.159973
611,-21532.0652,1541.47266324,76.5000,0.013497,0.159493
612,-20950.8224,1395.91621151,77.3000,0.013828,0.159015
613,-22577.6940,1345.74838336,75.3000,0.013968,0.158538
614,-19830.6744,1428.89259709,78.5000,0.013028,0.158062
615,-21874.0127,1404.04174488,76.1000,0.013636,0.157588
616,-23079.2358,1376.90364807,74.7000,0.014071,0.157115
617,-21713.4219,1369.94744120,76.4000,0.014040,0.156644
618,-22813.2500,1324.12111444,75.0000,0.013928,0.156174
619,-22072.1599,1466.03321638,76.0000,0.014228,0.155705
620,-20368.1628,1422.17602385,78.0000,0.013704,0.155238
621,-21735.2901,1541.99031795,76.3000,0.013727,0.154772
622,-21968.4030,1392.33535520,76.0000,0.013730,0.154308
623,-21720.2286,1438.58466225,76.3000,0.013673,0.153845
624,-22941.0960,1281.26433942,74.9000,0.014177,0.153384
625,-21319.9987,1481.63715198,76.8000,0.013664,0.152923
626,-22844.2365,1443.52907673,74.9000,0.013679,0.152465
627,-22571.8837,1518.94516017,75.3000,0.013937,0.152007
628,-21590.1042,1567.83148640,76.5000,0.013823,0.151551
629,-20837.7952,1513.06275460,77.3000,0.013253,0.151097
630,-22314.0541,1489.45763291,75.6000,0.013844,0.150643
631,-23673.4063,1207.89035583,73.9000,0.013837,0.150191
632,-22439.5691,1428.45649827,75.3000,0.013258,0.149741
633,-20482.7819,1443.68001828,77.8000,0.013489,0.149292
634,-22693.9602,1428.18846678,75.0000,0.013318,0.148844
635,-21800.7044,1395.96532807,76.2000,0.013658,0.148397
636,-19384.4331,1498.47474950,79.1000,0.013183,0.147952
637,-21928.6693,1319.64749514,76.0000,0.013513,0.147508
638,-22508.4354,1264.14228534,75.4000,0.014006,0.147066
639,-22804.7062,1519.99231788,74.9000,0.013482,0.146624
640,-22056.1952,1417.21451513,75.8000,0.013338,0.146184
641,-21846.1042,1448.63742044,76.0000,0.013078,0.145746
642,-20894.3931,1521.42352129,77.3000,0.013542,0.145309
643,-21684.8176,1429.38852026,76.4000,0.013896,0.144873
644,-22045.6172,1411.24615066,75.9000,0.013681,0.144438
645,-21642.4496,1395.93845019,76.4000,0.013659,0.144005
646,-20359.1568,1433.34982942,77.9000,0.013244,0.143573
647,-23538.3992,1383.06270021,74.1000,0.013946,0.143142
648,-22662.0229,1509.53384981,75.1000,0.013577,0.142713
649,-23104.9712,1415.29120946,74.5000,0.013384,0.142285
650,-22908.8920,1399.97369983,74.8000,0.013614,0.141858
651,-20799.2961,1540.04285623,77.4000,0.013458,0.141432
652,-20827.3082,1331.48027676,77.3000,0.013221,0.141008
653,-22528.9483,1444.89236254,75.2000,0.013323,0.140585
654,-21772.9390,1610.45798780,76.2000,0.013527,0.140163
655,-21375.5511,1469.10368032,76.7000,0.013525,0.139743
656,-22962.0830,1498.03751955,74.7000,0.013470,0.139323
657,-21252.1508,1593.60599403,76.8000,0.013327,0.138905
658,-21185.0930,1508.64164475,76.9000,0.013386,0.138489
659,-23282.2711,1434.69863952,74.4000,0.013860,0.138073
660,-22312.3917,1686.08081459,75.5000,0.013441,0.137659
661,-21475.3551,1483.24897672,76.6000,0.013646,0.137246
662,-22635.9109,1504.38035772,75.2000,0.013815,0.136834
663,-20726.8805,1424.97540853,77.6000,0.013872,0.136424
664,-21906.2288,1340.10349067,76.0000,0.013372,0.136014
665,-21351.7529,1489.76623754,76.7000,0.013418,0.135606
666,-22688.2321,1545.61672180,75.1000,0.013713,0.135200
667,-22022.0118,1565.63915814,75.8000,0.013158,0.134794
668,-22065.5923,1570.28172837,75.8000,0.013387,0.134390
669,-21681.1186,1483.67836092,76.3000,0.013464,0.133986
670,-23646.1410,1369.92656372,73.9000,0.013681,0.133584
671,-23095.5681,1423.77428935,74.5000,0.013339,0.133184
672,-22482.4004,1470.88843345,75.4000,0.013874,0.132784
673,-21000.1539,1394.57936105,77.0000,0.012848,0.132386
674,-21340.4699,1392.09789157,76.8000,0.013766,0.131989
675,-24596.6887,1534.88663365,72.7000,0.013634,0.131593
676,-20639.0593,1484.98950094,77.7000,0.013830,0.131198
677,-21875.3551,1362.31840530,76.0000,0.013228,0.130804
678,-23435.2803,1526.84674957,74.1000,0.013440,0.130412
679,-20917.8440,1478.80980603,77.1000,0.012827,0.130021
680,-22372.8456,1607.70029278,75.5000,0.013706,0.129631
681,-22273.3951,1408.50653322,75.5000,0.013221,0.129242
682,-22609.1673,1518.63315009,75.2000,0.013714,0.128854
683,-22956.9480,1431.51895237,74.8000,0.013867,0.128467
684,-22970.7192,1406.97831644,74.7000,0.013527,0.128082
685,-22646.0022,1400.62422189,75.1000,0.013490,0.127698
686,-19542.7617,1726.20139011,79.0000,0.013581,0.127315
687,-22245.8344,1524.20812978,75.7000,0.013894,0.126933
688,-22449.1915,1449.51078709,75.4000,0.013700,0.126552
689,-23515.6678,1522.32127932,74.1000,0.013849,0.126172
690,-19846.7152,1550.33412217,78.5000,0.013095,0.125794
691,-23332.6184,1498.51982673,74.2000,0.013344,0.125416
692,-22452.3380,1616.81186889,75.4000,0.013754,0.125040
693,-21148.4580,1448.31492543,77.0000,0.013615,0.124665
694,-21317.4711,1391.72321620,76.8000,0.013637,0.124291
695,-21279.6600,1578.11888334,76.7000,0.013044,0.123918
696,-21421.7395,1424.92727444,76.6000,0.013378,0.123546
697,-21772.5063,1345.11781578,76.2000,0.013521,0.123176
698,-21833.0360,1500.85216782,76.1000,0.013420,0.122806
699,-22623.7065,1482.08378289,75.1000,0.013384,0.122438
700,-22505.9796,1516.08694323,75.3000,0.013567,0.122071
701,-22502.1446,1672.69326887,75.4000,0.013961,0.121704
702,-21059.9857,1669.61654831,76.9000,0.012763,0.121339
703,-21748.1027,1432.40601137,76.2000,0.013418,0.120975
704,-21143.1386,1507.67924062,77.0000,0.013580,0.120612
705,-20668.0118,1764.06845918,77.5000,0.013177,0.120250
706,-22173.1987,1373.80387655,75.7000,0.013543,0.119890
707,-22224.2508,1500.70026955,75.6000,0.013393,0.119530
708,-21398.1199,1395.51086720,76.6000,0.013251,0.119171
709,-22026.2553,1558.38473269,75.8000,0.013185,0.118814
710,-21553.1743,1458.01410434,76.4000,0.013215,0.118457
711,-22377.5487,1455.74027397,75.6000,0.014161,0.118102
712,-20036.0733,1698.36926982,78.3000,0.013255,0.117748
713,-21961.8538,1545.55403176,76.0000,0.013693,0.117395
714,-21808.6889,1498.03167331,76.1000,0.013312,0.117042
715,-22924.0902,1634.28227726,74.7000,0.013277,0.116691
716,-21962.3523,1730.87169181,76.0000,0.013680,0.116341
717,-21832.6993,1375.04890401,76.0000,0.013039,0.115992
718,-20544.1860,1414.57134456,77.7000,0.013379,0.115644
719,-22399.6401,1626.57449098,75.4000,0.013466,0.115297
720,-22635.9409,1471.62576968,75.1000,0.013442,0.114951
721,-22271.3682,1389.57380803,75.6000,0.013614,0.114606
722,-22007.5841,1441.80299248,75.9000,0.013524,0.114263
723,-21270.5489,1508.12608050,76.7000,0.013029,0.113920
724,-22695.5206,1733.98849418,75.0000,0.013358,0.113578
725,-22003.4042,1492.26907545,75.9000,0.013497,0.113237
726,-21209.0883,1611.58022190,76.8000,0.013131,0.112898
727,-20182.0957,1475.11864778,78.1000,0.013172,0.112559
728,-22084.7053,1602.56927190,75.8000,0.013484,0.112221
729,-20625.3197,1250.66842574,77.6000,0.013394,0.111885
730,-19761.9052,1586.41227790,78.6000,0.013078,0.111549
731,-22049.7706,1718.93963105,75.9000,0.013691,0.111214
732,-20940.9334,1444.61580835,77.1000,0.012953,0.110881
733,-21583.3229,1455.21159949,76.3000,0.012982,0.110548
734,-21942.6046,1609.87557455,75.9000,0.013175,0.110216
735,-21651.2272,1564.54146158,76.4000,0.013718,0.109886
736,-22506.5830,1551.76726893,75.3000,0.013596,0.109556
737,-21954.3420,1558.44134312,76.0000,0.013633,0.109227
738,-22314.5137,1560.73571210,75.4000,0.013054,0.108900
739,-20484.5150,1515.36282847,77.7000,0.013101,0.108573
740,-23485.3275,1639.93784788,74.1000,0.013696,0.108247
741,-21806.7382,1746.91824713,76.1000,0.013298,0.107923
742,-23894.0707,1476.68903096,73.5000,0.013357,0.107599
743,-21087.2797,1892.53727101,77.0000,0.013306,0.107276
744,-21711.1593,1455.61533752,76.2000,0.013231,0.106954
745,-21446.9434,1396.87050892,76.6000,0.013514,0.106633
746,-20808.8382,1664.89592619,77.4000,0.013489,0.106313
747,-21763.2411,1712.68100189,76.2000,0.013459,0.105994
748,-21915.9434,1582.52715748,76.0000,0.013443,0.105676
749,-20057.8433,1592.79197328,78.3000,0.013353,0.105359
750,-22011.4701,1471.04221073,76.0000,0.013921,0.105043
751,-22376.1968,1670.28997657,75.3000,0.012964,0.104728
752,-21473.2460,1540.63141026,76.5000,0.013256,0.104414
753,-20236.2126,1708.44242821,78.1000,0.013453,0.104101
754,-23361.1067,1780.19839362,74.2000,0.013476,0.103789
755,-22116.6188,1548.12107135,75.7000,0.013258,0.103477
756,-21335.3613,1270.86364706,76.8000,0.013748,0.103167
757,-22276.0513,1317.73892457,75.5000,0.013268,0.102857
758,-21002.5483,1566.81217230,77.0000,0.012881,0.102549
759,-21459.4993,1740.17892975,76.6000,0.013571,0.102241
760,-21990.0712,1488.65793613,75.9000,0.013413,0.101934
761,-19845.2213,1708.59527915,78.6000,0.013487,0.101628
762,-22834.6634,1547.17571158,74.8000,0.013241,0.101324
763,-20718.7753,1650.59555720,77.4000,0.013083,0.101020
764,-20122.6403,1728.75814677,78.1000,0.012876,0.100717
765,-22288.7084,1733.74482417,75.6000,0.013688,0.100414
766,-20111.2584,1374.64692850,78.2000,0.013210,0.100113
767,-22077.6601,1587.54828870,75.7000,0.013046,0.099813
768,-19800.2574,1580.47876163,78.5000,0.012853,0.099513
769,-21043.4744,1983.14826770,77.0000,0.013057,0.099215
770,-20672.6300,1589.92857720,77.5000,0.013189,0.098917
771,-21981.3766,1686.12059876,75.9000,0.013339,0.098620
772,-20389.0331,1512.29853986,77.9000,0.013400,0.098325
773,-17856.1855,1754.16254578,80.9000,0.012745,0.098030
774,-21134.4792,1367.52832898,76.9000,0.013140,0.097736
775,-20929.1502,1662.24593953,77.1000,0.012910,0.097442
776,-21725.0144,1625.90653090,76.2000,0.013291,0.097150
777,-20845.2135,1642.39698030,77.3000,0.013289,0.096859
778,-21216.6100,1568.02580869,76.9000,0.013551,0.096568
779,-22842.0789,1762.78041775,74.8000,0.013294,0.096278
780,-23761.1536,1675.11891119,73.7000,0.013457,0.095989
781,-19336.2564,1394.80347809,79.2000,0.013333,0.095701
782,-21902.8355,1557.33932758,75.9000,0.012980,0.095414
783,-20667.5529,1727.59054802,77.4000,0.012816,0.095128
784,-19827.3190,1813.28499722,78.5000,0.013010,0.094843
785,-19646.2382,1609.72974117,78.8000,0.013285,0.094558
786,-20591.0866,1540.41467485,77.6000,0.013222,0.094275
787,-22172.9729,1524.45819680,75.6000,0.013126,0.093992
788,-21863.4039,1657.61654363,76.0000,0.013173,0.093710
789,-20035.2216,1739.41909755,78.2000,0.012850,0.093429
790,-23007.5487,1755.57908405,74.6000,0.013304,0.093148
791,-22054.7226,1602.88254322,75.7000,0.012944,0.092869
792,-21798.3187,1560.87491488,76.1000,0.013263,0.092590
793,-20413.3338,1563.21222837,77.8000,0.013130,0.092313
794,-23069.5374,1616.42584786,74.6000,0.013626,0.092036
795,-22615.4456,1609.47695436,75.0000,0.012956,0.091759
796,-20981.9471,1543.09189191,77.0000,0.012798,0.091484
797,-21500.6047,1772.63350058,76.4000,0.012987,0.091210
798,-20381.4982,1585.86466925,77.9000,0.013366,0.090936
799,-21721.3218,1420.60927749,76.3000,0.013684,0.090663
800,-20722.8593,1694.82299742,77.4000,0.013065,0.090391
801,-20438.6565,1666.06115330,77.8000,0.013252,0.090120
802,-21210.8527,1543.11538596,76.8000,0.013127,0.089850
803,-21564.4708,1690.32631448,76.4000,0.013323,0.089580
804,-20972.2651,1350.74400859,77.1000,0.013146,0.089311
805,-19105.6777,1790.83036340,79.4000,0.012999,0.089044
806,-21435.0631,1495.29597263,76.6000,0.013438,0.088776
807,-17579.8418,1623.99749320,81.2000,0.012545,0.088510
808,-22475.5461,1639.78123471,75.3000,0.013423,0.088245
809,-21368.6308,1458.74877993,76.7000,0.013511,0.087980
810,-19714.0471,1399.72241196,78.7000,0.013240,0.087716
811,-20227.3457,1743.18368047,78.1000,0.013413,0.087453
812,-19107.5486,1623.53470656,79.4000,0.013022,0.087190
813,-20220.5969,1368.52733568,77.9000,0.012585,0.086929
814,-21494.8126,1482.88909535,76.4000,0.012947,0.086668
815,-20592.3372,1498.73551540,77.5000,0.012811,0.086408
816,-22004.4572,1907.42833186,75.8000,0.013100,0.086149
817,-22561.7752,1646.56855620,75.2000,0.013482,0.085890
818,-22738.3601,1458.48731104,75.0000,0.013551,0.085633
819,-20080.4340,1638.23124738,78.2000,0.013072,0.085376
820,-22594.0009,1665.10363003,75.1000,0.013238,0.085120
821,-19921.0613,1612.78486442,78.4000,0.013050,0.084864
822,-20138.9687,1875.14665126,78.1000,0.012959,0.084610
823,-21765.2408,1675.07773632,76.2000,0.013513,0.084356
824,-21036.3529,1577.04447393,77.1000,0.013439,0.084103
825,-21562.4553,1916.18102080,76.4000,0.013267,0.083850
826,-23672.8206,1477.14711753,73.8000,0.013427,0.083599
827,-21759.1596,1486.12578041,76.1000,0.013038,0.083348
828,-20859.1456,1843.96844805,77.2000,0.012939,0.083098
829,-19725.9164,1626.98641739,78.6000,0.012875,0.082849
830,-20785.9066,1562.74685022,77.4000,0.013372,0.082600
831,-19902.1170,1492.73875504,78.4000,0.012955,0.082352
832,-19824.8490,1841.69807788,78.5000,0.013008,0.082105
833,-20610.7595,1715.05716282,77.5000,0.012922,0.081859
834,-21994.0959,1647.40100922,75.8000,0.013028,0.081614
835,-20134.1880,1583.64989682,78.1000,0.012952,0.081369
836,-22305.9430,1499.65122828,75.4000,0.012979,0.081125
837,-20827.8942,1828.10070330,77.2000,0.012785,0.080881
838,-18581.5596,1405.73784600,80.0000,0.012747,0.080639
839,-18648.8090,1681.55631773,79.9000,0.012699,0.080397
840,-19077.7026,1538.09759056,79.4000,0.012864,0.080155
841,-22025.7547,1770.98360834,75.8000,0.013191,0.079915
842,-21153.4535,1576.74270775,77.0000,0.013606,0.079675
843,-23041.5345,1467.45778521,74.5000,0.013061,0.079436
844,-22301.4833,1569.77436280,75.4000,0.012977,0.079198
845,-21438.6205,1517.49414166,76.5000,0.013035,0.078960
846,-17720.2560,1850.68107920,81.0000,0.012438,0.078723
847,-22291.8462,1780.54772542,75.5000,0.013307,0.078487
848,-21501.3477,1565.79827300,76.4000,0.012965,0.078252
849,-21224.0444,1552.96201568,76.9000,0.013548,0.078017
850,-22125.0981,1718.35996974,75.7000,0.013269,0.077783
851,-21317.8673,1814.56267841,76.6000,0.012819,0.077550
852,-21113.9089,1754.09714050,76.9000,0.012999,0.077317
853,-22228.8207,1803.33513400,75.6000,0.013389,0.077085
854,-20809.5221,1684.40981122,77.3000,0.013094,0.076854
855,-21046.4977,1827.37202066,77.0000,0.013086,0.076623
856,-20362.6189,1668.90139907,77.9000,0.013261,0.076393
857,-21499.1543,1701.89959701,76.4000,0.012939,0.076164
858,-21015.2518,1840.95314647,77.1000,0.013296,0.075936
859,-21954.7858,1997.81079719,75.8000,0.012785,0.075708
860,-20760.5203,1311.27168671,77.3000,0.012857,0.075481
861,-20765.3443,1712.68123737,77.4000,0.013241,0.075254
862,-18113.4662,1588.84385076,80.6000,0.012815,0.075029
863,-21834.0276,1560.60343131,76.0000,0.013015,0.074803
864,-20584.2269,1644.49113084,77.5000,0.012747,0.074579
865,-21089.6574,1659.39846690,76.9000,0.012863,0.074355
866,-19241.2463,1555.31060389,79.1000,0.012431,0.074132
867,-20974.8210,2008.78723666,77.1000,0.013079,0.073910
868,-20836.3260,1810.88755414,77.2000,0.012802,0.073688
869,-21012.3038,1783.75705293,77.1000,0.013299,0.073467
870,-21176.8412,1767.56757779,76.8000,0.012924,0.073247
871,-20947.2701,1820.88157040,77.0000,0.012571,0.073027
872,-21857.6810,1519.39571154,76.0000,0.013149,0.072808
873,-21210.6163,1676.28725098,76.7000,0.012727,0.072589
874,-21332.6077,1663.64340760,76.7000,0.013316,0.072372
875,-19990.7715,1589.68549311,78.3000,0.012997,0.072155
876,-21956.1427,1736.00626196,75.8000,0.012847,0.071938
877,-20650.5208,1666.34681193,77.5000,0.013105,0.071722
878,-20835.6543,1542.40342806,77.3000,0.013231,0.071507
879,-22520.7728,1472.57861181,75.2000,0.013265,0.071293
880,-19599.8607,1917.52882206,78.8000,0.013054,0.071079
881,-19851.8001,1642.68595067,78.6000,0.013515,0.070865
882,-19846.5602,1864.54906005,78.5000,0.013076,0.070653
883,-21421.3132,1713.68867443,76.6000,0.013357,0.070441
884,-19715.4884,1539.56793354,78.6000,0.012827,0.070230
885,-19972.9958,1656.84241666,78.4000,0.013323,0.070019
886,-20538.4287,1817.39607299,77.7000,0.013340,0.069809
887,-20915.8902,1484.15518855,77.1000,0.012822,0.069599
888,-19086.0400,1752.93480008,79.3000,0.012473,0.069391
889,-19754.5348,1692.90232315,78.6000,0.013014,0.069182
890,-21129.1578,1590.65449917,76.9000,0.013071,0.068975
891,-20202.5529,1669.92149961,78.0000,0.012866,0.068768
892,-20100.8878,1801.29517315,78.1000,0.012760,0.068562
893,-21545.0494,1648.36805501,76.5000,0.013588,0.068356
894,-21120.3628,1817.46454457,76.8000,0.012671,0.068151
895,-20507.6481,1741.66284223,77.7000,0.013186,0.067946
896,-20220.6048,1560.33790914,78.1000,0.013358,0.067743
897,-21080.5605,1749.46887062,76.9000,0.012862,0.067539
898,-21376.7316,1393.94569699,76.5000,0.012744,0.067337
899,-22195.9994,1525.08155918,75.6000,0.013232,0.067135
900,-18949.5210,1685.85265750,79.5000,0.012583,0.066933
901,-18614.6104,1740.64815884,80.0000,0.012910,0.066733
902,-20845.6702,1831.73362862,77.2000,0.012881,0.066532
903,-22354.2966,1808.16154529,75.4000,0.013205,0.066333
904,-19714.9501,1557.46281254,78.7000,0.013227,0.066134
905,-20072.8725,1527.52515289,78.1000,0.012596,0.065935
906,-20088.1650,1920.97569996,78.2000,0.013076,0.065738
907,-22591.6915,2026.19979429,75.2000,0.013595,0.065540
908,-20727.7323,1899.15894066,77.4000,0.013072,0.065344
909,-21086.1305,1661.03008722,76.9000,0.012878,0.065148
910,-21940.5023,1882.46584589,75.9000,0.013152,0.064952
911,-19909.4973,1742.02013134,78.4000,0.013008,0.064757
912,-21676.9634,1981.21371001,76.2000,0.013033,0.064563
913,-21536.1028,1603.71625626,76.4000,0.013147,0.064369
914,-20320.8532,1571.07781326,77.8000,0.012654,0.064176
915,-20080.9486,1848.84230388,78.2000,0.013067,0.063984
916,-18663.3673,1812.03734929,79.9000,0.012753,0.063792
917,-20510.9667,1660.62439422,77.8000,0.013601,0.063600
918,-20755.8919,1778.40920530,77.3000,0.012843,0.063410
919,-19249.0872,1624.28365751,79.2000,0.012904,0.063219
920,-20359.0129,1786.37742802,77.9000,0.013250,0.063030
921,-20613.1033,1902.29464858,77.5000,0.012906,0.062841
922,-20112.5571,1644.08994519,78.1000,0.012830,0.062652
923,-22356.7242,1718.54903387,75.4000,0.013225,0.062464
924,-20341.2148,1804.61963351,77.8000,0.012772,0.062277
925,-20455.8779,1730.71604852,77.7000,0.012932,0.062090
926,-20564.4737,1860.32242123,77.6000,0.013074,0.061904
927,-19279.3873,1642.10772051,79.1000,0.012638,0.061718
928,-20027.8508,1881.16299055,78.3000,0.013174,0.061533
929,-22889.5450,1618.75313415,74.6000,0.012730,0.061348
930,-21503.7247,1935.23635907,76.4000,0.012961,0.061164
931,-20035.4753,2094.18099572,78.2000,0.012835,0.060981
932,-18600.7143,1853.79317615,80.0000,0.012859,0.060798
933,-20593.6319,1883.42126506,77.5000,0.012834,0.060615
934,-20825.2104,1731.54498724,77.2000,0.012789,0.060434
935,-19533.3316,1741.58779206,78.7000,0.012351,0.060252
936,-21266.8742,1514.19075450,76.6000,0.012610,0.060071
937,-20281.6149,1797.19634422,77.9000,0.012875,0.059891
938,-22464.7998,1714.80388405,75.2000,0.012990,0.059712
939,-20453.0874,1667.09783742,77.7000,0.012926,0.059532
940,-20778.9790,1470.40407196,77.4000,0.013336,0.059354
941,-19186.6983,1973.67373071,79.3000,0.012993,0.059176
942,-20773.6576,1903.59413468,77.3000,0.012937,0.058998
943,-21134.2999,1656.76648283,76.9000,0.013141,0.058821
944,-20356.1945,2281.72180762,77.8000,0.012855,0.058645
945,-20229.7896,1827.02933281,78.0000,0.013001,0.058469
946,-19034.1158,1810.33844533,79.5000,0.013031,0.058293
947,-21050.9770,1692.15308500,76.9000,0.012722,0.058119
948,-19352.1252,1639.16032718,79.1000,0.013033,0.057944
949,-20620.1271,1857.48591370,77.5000,0.012972,0.057770
950,-21030.3096,1928.59546943,77.0000,0.013015,0.057597
951,-20185.9156,1932.03301494,77.9000,0.012410,0.057424
952,-21976.1782,1699.00780256,75.9000,0.013362,0.057252
953,-20623.0217,1608.79968847,77.5000,0.013013,0.057080
954,-18411.4094,1615.46846176,80.1000,0.012369,0.056909
955,-20755.7864,1663.04776040,77.3000,0.012876,0.056738
956,-21830.2794,1574.55202292,76.0000,0.013048,0.056568
957,-20261.0408,1797.64839972,77.9000,0.012770,0.056398
958,-20496.1023,1748.57899215,77.7000,0.013158,0.056229
959,-21774.9876,1339.32413937,76.2000,0.013558,0.056060
960,-20848.6348,1848.77119580,77.2000,0.012930,0.055892
961,-22083.1717,1786.32232661,75.7000,0.013077,0.055725
962,-21652.1075,1729.68509050,76.1000,0.012536,0.055557
963,-19200.8093,1463.55900187,79.3000,0.013088,0.055391
964,-19291.6612,1595.67148812,79.2000,0.013141,0.055225
965,-20187.8241,1895.08008018,78.0000,0.012820,0.055059
966,-20201.5275,1586.52590647,77.9000,0.012481,0.054894
967,-21002.0771,1411.12648504,77.0000,0.012883,0.054729
968,-21204.0676,1573.87792077,76.8000,0.013092,0.054565
969,-20927.3790,2090.23940049,77.2000,0.013290,0.054401
970,-22995.6550,1570.75743809,74.6000,0.013246,0.054238
971,-21486.2680,1692.79297036,76.4000,0.012905,0.054075
972,-20613.1968,1513.24730823,77.5000,0.012931,0.053913
973,-21375.1789,1704.16864292,76.5000,0.012768,0.053751
974,-20079.8368,1672.39027954,78.1000,0.012682,0.053590
975,-21467.3027,1568.84607772,76.5000,0.013202,0.053429
976,-21711.9993,2083.46847931,76.2000,0.013216,0.053269
977,-19049.8599,1821.64767742,79.4000,0.012735,0.053109
978,-22780.4535,2076.85332216,74.8000,0.012986,0.052950
979,-20454.3001,1911.88175090,77.7000,0.012944,0.052791
980,-18937.6986,1637.43301298,79.6000,0.012935,0.052633
981,-19002.5053,1842.03395486,79.5000,0.012862,0.052475
982,-20512.4655,1874.83719695,77.6000,0.012824,0.052317
983,-20106.8592,1696.89399793,78.1000,0.012820,0.052160
984,-20380.9611,1731.85732457,77.7000,0.012598,0.052004
985,-18876.7413,1909.09558630,79.6000,0.012653,0.051848
986,-20835.7211,1877.42476397,77.2000,0.012836,0.051692
987,-21212.2386,1932.83485108,76.7000,0.012712,0.051537
988,-19760.1932,1680.89610736,78.6000,0.013076,0.051383
989,-21265.1100,1826.37208216,76.7000,0.013027,0.051228
990,-22157.3362,2211.75778097,75.6000,0.013088,0.051075
991,-20483.2566,1674.68998515,77.7000,0.013092,0.050922
992,-20253.8190,1810.44349201,77.9000,0.012739,0.050769
993,-19797.4924,1657.64766175,78.5000,0.012866,0.050617
994,-20452.2684,2074.02603428,77.6000,0.012560,0.050465
995,-19389.4216,1669.92181544,79.1000,0.013239,0.050313
996,-21404.2583,1883.05161266,76.5000,0.012905,0.050162
997,-22376.9361,2187.96119597,75.3000,0.012957,0.050012
998,-18517.1154,1784.89361945,80.1000,0.012854,0.050000
999,-20873.3358,1464.42023359,77.2000,0.013046,0.050000
1000,-18702.0266,1932.69002399,79.8000,0.012565,0.050000
1001,-19363.1939,1664.06231116,79.0000,0.012703,0.050000
1002,-20731.5053,1678.54112205,77.2000,0.012352,0.050000
1003,-19542.3987,1693.66713226,78.8000,0.012786,0.050000
1004,-21913.3264,1826.35235788,75.8000,0.012645,0.050000
1005,-20345.8373,1579.73550440,77.8000,0.012815,0.050000
1006,-19891.4579,2118.52376407,78.3000,0.012514,0.050000
1007,-20623.1526,1846.00979592,77.4000,0.012576,0.050000
1008,-20589.7111,2132.21812670,77.5000,0.012825,0.050000
1009,-20803.2823,1774.11264068,77.3000,0.013046,0.050000
1010,-19501.5867,1820.25824909,78.9000,0.012982,0.050000
1011,-20582.0594,2061.17374050,77.5000,0.012772,0.050000
1012,-19573.8672,1753.42401573,78.8000,0.012954,0.050000
1013,-22650.7941,1613.62582587,75.0000,0.013114,0.050000
1014,-20513.6464,1972.32374243,77.7000,0.013237,0.050000
1015,-22993.5235,1819.96262779,74.6000,0.013264,0.050000
1016,-20124.6443,1628.22485452,78.0000,0.012494,0.050000
1017,-21998.8524,1576.50431738,75.8000,0.013069,0.050000
1018,-21558.9309,1593.36476549,76.3000,0.012869,0.050000
1019,-18645.4393,1807.30405815,79.9000,0.012686,0.050000
1020,-20812.2361,1564.18222295,77.3000,0.013106,0.050000
1021,-19616.1264,1934.91680907,78.7000,0.012735,0.050000
1022,-19507.4111,2034.29872876,78.9000,0.013025,0.050000
1023,-20928.9660,1883.14646684,77.2000,0.013318,0.050000
1024,-19649.3622,2053.61761667,78.6000,0.012518,0.050000
1025,-21496.3441,2005.84068547,76.5000,0.013335,0.050000
1026,-20190.8824,2237.75172658,78.0000,0.012809,0.050000
1027,-20244.0049,1794.29666251,78.0000,0.013063,0.050000
1028,-21278.3974,1875.90532358,76.6000,0.012645,0.050000
1029,-21612.4794,1696.92559442,76.2000,0.012729,0.050000
1030,-20808.4402,1917.82477961,77.2000,0.012701,0.050000
1031,-19202.2917,2098.27257298,79.3000,0.013083,0.050000
1032,-22971.8428,1832.41067873,74.6000,0.013112,0.050000
1033,-19958.3510,1671.91605790,78.3000,0.012838,0.050000
1034,-21737.9742,1957.11666423,76.2000,0.013348,0.050000
1035,-21663.8010,1722.56081856,76.2000,0.012961,0.050000
1036,-22805.6600,1847.46313177,74.9000,0.013485,0.050000
1037,-19651.1552,2047.84784697,78.7000,0.012901,0.050000
1038,-19525.3609,2046.62370625,78.8000,0.012692,0.050000
1039,-19229.0711,1726.97851270,79.2000,0.012835,0.050000
1040,-19327.8489,2253.14816001,79.0000,0.012503,0.050000
1041,-20387.2813,1828.28763913,77.7000,0.012608,0.050000
1042,-21423.9019,2165.74788153,76.4000,0.012581,0.050000
1043,-19468.3032,1775.64241542,78.9000,0.012833,0.050000
1044,-19091.4019,1810.44237779,79.4000,0.012915,0.050000
1045,-20635.4045,1480.82022162,77.4000,0.012630,0.050000
1046,-20191.6423,2089.10104306,78.0000,0.012815,0.050000
1047,-19551.4704,2280.06817138,78.8000,0.012822,0.050000
1048,-21391.6858,2135.38672689,76.5000,0.012820,0.050000
1049,-19494.9194,1799.31553741,78.9000,0.012932,0.050000
1050,-21350.2001,1914.13455246,76.5000,0.012598,0.050000
1051,-21165.1692,1783.16230380,76.8000,0.012901,0.050000
1052,-19834.4708,1938.11990200,78.4000,0.012647,0.050000
1053,-20597.8358,1777.68164270,77.5000,0.012838,0.050000
1054,-21594.0738,2057.85392718,76.3000,0.013028,0.050000
1055,-20287.0540,1753.60689848,77.9000,0.012909,0.050000
1056,-18856.1178,2444.49023637,79.6000,0.012554,0.050000
1057,-20943.2868,1717.48703549,77.1000,0.012986,0.050000
1058,-19899.6648,1693.88772535,78.4000,0.012981,0.050000
1059,-22020.5159,2278.16250586,75.8000,0.013180,0.050000
1060,-20540.5032,2098.51887869,77.6000,0.012962,0.050000
1061,-19813.3315,1914.01433926,78.4000,0.012544,0.050000
1062,-20981.6608,1845.00827019,77.1000,0.013203,0.050000
1063,-20984.2542,2114.69717577,77.1000,0.013202,0.050000
1064,-20164.9056,1784.68757621,78.1000,0.013103,0.050000
1065,-20506.0587,1861.77450577,77.6000,0.012794,0.050000
1066,-19543.7259,1967.17649001,78.8000,0.012786,0.050000
1067,-19738.0554,1775.07028773,78.5000,0.012542,0.050000
1068,-20065.8869,2221.23100070,78.2000,0.012983,0.050000
1069,-20549.8793,1616.68589810,77.5000,0.012636,0.050000
1070,-19813.0595,2089.33495293,78.5000,0.012910,0.050000
1071,-19845.8831,1885.67581267,78.5000,0.013071,0.050000
1072,-20422.5927,1655.27870366,77.7000,0.012760,0.050000
1073,-19446.0933,1793.40653810,78.9000,0.012661,0.050000
1074,-21119.2173,1694.38927702,76.9000,0.013060,0.050000
1075,-20686.9108,1671.98672554,77.3000,0.012496,0.050000
1076,-19382.3884,1556.92182202,79.0000,0.012783,0.050000
1077,-20023.7237,1968.84816243,78.0000,0.011953,0.050000
1078,-18395.7654,1871.83760385,80.2000,0.012604,0.050000
1079,-21221.9988,2069.62877163,76.7000,0.012742,0.050000
1080,-21055.4735,1889.77692807,76.9000,0.012720,0.050000
1081,-19662.8803,1907.69159511,78.6000,0.012567,0.050000
1082,-20277.0487,1814.21613755,77.9000,0.012862,0.050000
1083,-21360.1997,1771.90905018,76.5000,0.012669,0.050000
1084,-21114.1909,1967.56783700,76.9000,0.013039,0.050000
1085,-20409.3721,2184.11846392,77.7000,0.012719,0.050000
1086,-19298.5972,2076.51946683,79.1000,0.012755,0.050000
1087,-17604.5373,1613.71048517,81.2000,0.012678,0.050000
1088,-22513.7398,2004.18740186,75.1000,0.012847,0.050000
1089,-21138.6104,1970.76437797,76.8000,0.012740,0.050000
1090,-21522.1413,2332.83769041,76.3000,0.012676,0.050000
1091,-19349.7087,2195.43924075,79.0000,0.012593,0.050000
1092,-20198.2684,2106.90015880,78.0000,0.012828,0.050000
1093,-20393.1204,2073.03169535,77.7000,0.012642,0.050000
1094,-21991.4899,1819.82485798,75.8000,0.013043,0.050000
1095,-20868.9819,1857.66960309,77.3000,0.013385,0.050000
1096,-23788.1351,1881.28747732,73.6000,0.013201,0.050000
1097,-18470.9696,1914.81185483,80.1000,0.012616,0.050000
1098,-21481.0523,1701.45863339,76.5000,0.013289,0.050000
1099,-19960.8919,2167.61844917,78.3000,0.012868,0.050000
1100,-20889.3761,1892.23448983,77.2000,0.013094,0.050000
1101,-21847.5844,1721.73144677,76.0000,0.013108,0.050000
1102,-19540.3515,2110.94148419,78.7000,0.012388,0.050000
1103,-20874.6738,1702.86308073,77.2000,0.013070,0.050000
1104,-21339.7593,1798.15659163,76.6000,0.012980,0.050000
1105,-18445.3579,1916.01694358,80.1000,0.012508,0.050000
1106,-20289.0026,2311.31429976,77.9000,0.012920,0.050000
1107,-20901.1789,2312.31363818,77.1000,0.012787,0.050000
1108,-21104.3029,1959.80600864,76.9000,0.012998,0.050000
1109,-20837.6805,1680.03499144,77.1000,0.012479,0.050000
1110,-21004.2413,1530.09713233,76.9000,0.012526,0.050000
1111,-21038.7797,2062.62777392,77.0000,0.013043,0.050000
1112,-23165.6643,1896.93638739,74.3000,0.012895,0.050000
1113,-20651.1276,2431.09992887,77.5000,0.013109,0.050000
1114,-19892.5370,2183.69016104,78.4000,0.012922,0.050000
1115,-22140.0590,1925.95793852,75.6000,0.012984,0.050000
1116,-20502.5880,2408.18762627,77.6000,0.012787,0.050000
1117,-19555.6509,2035.93651759,78.7000,0.012455,0.050000
1118,-19898.5683,1538.25266696,78.4000,0.012968,0.050000
1119,-20611.8007,2126.07482571,77.5000,0.012930,0.050000
1120,-21462.9428,2205.87334824,76.4000,0.012793,0.050000
1121,-19719.1409,1925.13932816,78.5000,0.012463,0.050000
1122,-20693.8726,1862.43874238,77.4000,0.012948,0.050000
1123,-20786.9325,2096.14934028,77.3000,0.013015,0.050000
1124,-18796.2962,2324.53820988,79.7000,0.012656,0.050000
1125,-21719.9368,1575.07767609,76.1000,0.012884,0.050000
1126,-19236.9618,1844.69003555,79.2000,0.012840,0.050000
1127,-20956.9080,1627.58203774,77.1000,0.013026,0.050000
1128,-20468.4850,2196.04801885,77.7000,0.013034,0.050000
1129,-22292.5434,1828.50535621,75.4000,0.012938,0.050000
1130,-21021.1313,1784.52002781,77.0000,0.012992,0.050000
1131,-20654.1160,1845.62413148,77.3000,0.012332,0.050000
1132,-19916.0671,2296.34652447,78.4000,0.013054,0.050000
1133,-19482.2211,2007.00550720,78.9000,0.012898,0.050000
1134,-20268.6031,1753.07293539,77.9000,0.012826,0.050000
1135,-20947.8021,1757.38928082,77.1000,0.013033,0.050000
1136,-20637.8169,2103.83149827,77.5000,0.013060,0.050000
1137,-19684.7363,2242.02479902,78.6000,0.012696,0.050000
1138,-21255.1236,2337.90487014,76.7000,0.012964,0.050000
1139,-19743.7856,2047.03223017,78.6000,0.012982,0.050000
1140,-21629.1395,1641.59525904,76.1000,0.012412,0.050000
1141,-19457.9397,2327.69252549,78.9000,0.012768,0.050000
1142,-19247.3909,1936.31200697,79.1000,0.012521,0.050000
1143,-20517.9883,2270.68839162,77.6000,0.012867,0.050000
1144,-20585.9323,2187.80058480,77.5000,0.012812,0.050000
1145,-21040.6313,2170.06546158,76.9000,0.012696,0.050000
1146,-18065.3602,1941.26103410,80.6000,0.012618,0.050000
1147,-19546.5922,1836.68352569,78.7000,0.012409,0.050000
1148,-21369.9085,1983.42096167,76.5000,0.012715,0.050000
1149,-19851.7306,2101.20400002,78.4000,0.012721,0.050000
1150,-23692.7322,1931.45617188,73.7000,0.013125,0.050000
1151,-20134.1381,1966.79676287,78.0000,0.012532,0.050000
1152,-19353.8216,1841.75514531,79.0000,0.012618,0.050000
1153,-20846.7042,2127.86615079,77.2000,0.012900,0.050000
1154,-20180.0520,1612.94568953,78.0000,0.012763,0.050000
1155,-20228.6500,2328.23893185,78.0000,0.013019,0.050000
1156,-21624.2421,2148.52808497,76.2000,0.012770,0.050000
1157,-20862.6123,2219.48377560,77.2000,0.012978,0.050000
1158,-20276.5327,2247.18977812,77.9000,0.012852,0.050000
1159,-20883.8808,1906.34021851,77.2000,0.013102,0.050000
1160,-20341.5180,1852.06126782,77.8000,0.012807,0.050000
1161,-20992.4150,1380.19430554,77.0000,0.012840,0.050000
1162,-21383.9964,2541.75043771,76.5000,0.012802,0.050000
1163,-20507.5434,2006.30845610,77.6000,0.012826,0.050000
1164,-19791.0189,2172.92467252,78.5000,0.012831,0.050000
1165,-21808.0066,1695.85254373,76.0000,0.012932,0.050000
1166,-20090.8154,2462.70724991,78.2000,0.013159,0.050000
1167,-19067.7344,2391.08495347,79.4000,0.012807,0.050000
1168,-19514.8482,1871.85899760,78.9000,0.013025,0.050000
1169,-19265.6134,2295.68841099,79.1000,0.012599,0.050000
1170,-20532.5850,2154.99245546,77.6000,0.012931,0.050000
1171,-20607.5276,2213.75609361,77.5000,0.012929,0.050000
1172,-20210.0750,1858.97959686,78.1000,0.013338,0.050000
1173,-20704.8971,2009.18302787,77.4000,0.012973,0.050000
1174,-19476.7756,2274.37401486,78.8000,0.012451,0.050000
1175,-20543.5081,2410.58468137,77.5000,0.012609,0.050000
1176,-20697.6819,1690.62908006,77.4000,0.012962,0.050000
1177,-22323.0118,2342.95144529,75.4000,0.013091,0.050000
1178,-19502.5874,1908.73461880,78.8000,0.012589,0.050000
1179,-20871.5912,2401.02610199,77.2000,0.013032,0.050000
1180,-19828.5258,2030.41563585,78.5000,0.013011,0.050000
1181,-22213.1064,2297.09740677,75.5000,0.012912,0.050000
1182,-19904.0469,1618.12905325,78.4000,0.013008,0.050000
1183,-20834.3048,2143.57472935,77.2000,0.012846,0.050000
1184,-22449.8738,2197.10269996,75.2000,0.012927,0.050000
1185,-21039.0016,1977.16422885,76.9000,0.012665,0.050000
1186,-20675.5696,2077.46144415,77.4000,0.012852,0.050000
1187,-20320.9001,2341.14770739,77.9000,0.013082,0.050000
1188,-21455.8247,1884.13013630,76.4000,0.012748,0.050000
1189,-19302.6613,2150.89143671,79.1000,0.012793,0.050000
1190,-19575.8742,2230.84361434,78.8000,0.012934,0.050000
1191,-21139.1172,2196.61595943,76.8000,0.012769,0.050000
1192,-20151.2256,2840.23282201,78.1000,0.013041,0.050000
1193,-18654.6271,1962.83213489,79.8000,0.012340,0.050000
1194,-20950.1890,2314.04536154,77.0000,0.012598,0.050000
1195,-18520.8941,2529.42739363,80.0000,0.012447,0.050000
1196,-20681.3821,1615.54303168,77.4000,0.012875,0.050000
1197,-21595.9062,1938.92571591,76.2000,0.012641,0.050000
1198,-20228.5070,1582.26449034,77.9000,0.012609,0.050000
1199,-18326.5124,1862.59330854,80.3000,0.012688,0.050000
1200,-19427.1325,1923.12783919,78.9000,0.012597,0.050000
1201,-19358.9886,2145.97831464,79.0000,0.012652,0.050000
1202,-21179.7454,1774.10269727,76.8000,0.012964,0.050000
1203,-21815.0151,2019.49732389,76.0000,0.012951,0.050000
1204,-22290.0896,1626.25382105,75.4000,0.012913,0.050000
1205,-20324.6162,2181.28915085,77.9000,0.013051,0.050000
1206,-19339.4426,2415.31801019,79.1000,0.012941,0.050000
1207,-19045.4084,2503.50180423,79.5000,0.013096,0.050000
1208,-21451.9245,1988.40327734,76.4000,0.012718,0.050000
1209,-19946.4734,1932.88872649,78.3000,0.012791,0.050000
1210,-21572.2140,1955.48651284,76.3000,0.012939,0.050000
1211,-21746.2461,2174.47395398,76.1000,0.012963,0.050000
1212,-20712.1174,1999.70319682,77.4000,0.013030,0.050000
1213,-20979.3373,2040.18284507,77.1000,0.013153,0.050000
1214,-20025.1688,1937.51316115,78.2000,0.012793,0.050000
1215,-20906.8536,2035.76553761,77.2000,0.013181,0.050000
1216,-18619.7959,2175.98556227,79.9000,0.012568,0.050000
1217,-21204.4348,1721.02192818,76.7000,0.012688,0.050000
1218,-20409.9536,1680.75543331,77.7000,0.012689,0.050000
1219,-19026.0078,2453.37846209,79.4000,0.012589,0.050000
1220,-21347.5380,1885.59663291,76.7000,0.013392,0.050000
1221,-19830.3958,2112.83444951,78.4000,0.012598,0.050000
1222,-22067.4940,1880.13767730,75.6000,0.012595,0.050000
1223,-20471.5353,2190.53085125,77.7000,0.013009,0.050000
1224,-21840.0374,2476.99574817,75.9000,0.012668,0.050000
1225,-24614.1132,2144.53757989,72.6000,0.013344,0.050000
1226,-20331.6513,2390.06113171,77.8000,0.012717,0.050000
1227,-19618.8951,1779.07476903,78.7000,0.012777,0.050000
1228,-20399.2800,1863.17268698,77.8000,0.013098,0.050000
1229,-21691.8952,2273.00226908,76.2000,0.013129,0.050000
1230,-22087.4149,1814.56533311,75.6000,0.012691,0.050000
1231,-19208.8421,1625.37854045,79.2000,0.012717,0.050000
1232,-21138.3683,2089.20940080,76.9000,0.013148,0.050000
1233,-19791.9116,2059.20564898,78.5000,0.012819,0.050000
1234,-19981.3531,2239.78686650,78.3000,0.012985,0.050000
1235,-22085.2349,2284.70478325,75.7000,0.013108,0.050000
1236,-21121.3478,2579.91552224,76.9000,0.013072,0.050000
1237,-20553.1506,1796.28387357,77.6000,0.013037,0.050000
1238,-18848.1181,2312.50726391,79.7000,0.012903,0.050000
1239,-20556.5258,1656.75062172,77.5000,0.012642,0.050000
1240,-20737.5722,1890.88733925,77.3000,0.012762,0.050000
1241,-20901.3266,1929.30188962,77.1000,0.012768,0.050000
1242,-20845.8759,2124.12733176,77.2000,0.012912,0.050000
1243,-19773.7287,1748.68546615,78.4000,0.012339,0.050000
1244,-21908.2412,2448.49266551,76.0000,0.013432,0.050000
1245,-21045.0741,1969.98710133,77.0000,0.013118,0.050000
1246,-20464.0097,2213.80923050,77.7000,0.012989,0.050000
1247,-20446.3677,2523.60269494,77.8000,0.013296,0.050000
1248,-20619.4348,2252.17211306,77.4000,0.012568,0.050000
1249,-19266.0355,2498.05340794,79.1000,0.012609,0.050000
1250,-21398.9617,1802.80146199,76.4000,0.012500,0.050000
1251,-19451.1598,2011.22355243,78.9000,0.012742,0.050000
1252,-20504.1587,2568.51086544,77.6000,0.012810,0.050000
1253,-21023.7546,1755.75595353,77.0000,0.012982,0.050000
1254,-21378.3010,2366.57243977,76.6000,0.013149,0.050000
1255,-20876.4569,1949.14423379,77.2000,0.013021,0.050000
1256,-20581.7843,2095.89978861,77.5000,0.012798,0.050000
1257,-20125.3330,2165.27435302,78.1000,0.012904,0.050000
1258,-20276.2816,2139.28171895,77.9000,0.012827,0.050000
1259,-20576.1625,2546.63232069,77.6000,0.013136,0.050000
1260,-21362.7146,1859.11520680,76.6000,0.013068,0.050000
1261,-21513.5996,1954.58953207,76.4000,0.013055,0.050000
1262,-20125.2978,2059.44164435,78.1000,0.012878,0.050000
1263,-22636.2953,2123.67173287,75.0000,0.013041,0.050000
1264,-20183.0943,2234.66484884,78.1000,0.013163,0.050000
1265,-19860.2043,2076.99711014,78.4000,0.012791,0.050000
1266,-20508.5603,2577.43314500,77.6000,0.012836,0.050000
1267,-21369.2832,2173.87433561,76.6000,0.013128,0.050000
1268,-20901.6334,2482.41258935,77.2000,0.013212,0.050000
1269,-20606.9424,2052.88798699,77.5000,0.012909,0.050000
1270,-21353.1722,1704.24538454,76.5000,0.012633,0.050000
1271,-20775.7215,1641.15105861,77.3000,0.012943,0.050000
1272,-20333.4717,2089.68269501,77.8000,0.012716,0.050000
1273,-20229.0383,2246.96690919,77.9000,0.012627,0.050000
1274,-17984.7967,1859.57593123,80.7000,0.012563,0.050000
1275,-18203.1693,2178.47391159,80.4000,0.012490,0.050000
1276,-19954.8724,2283.04191630,78.3000,0.012856,0.050000
1277,-20926.4401,1894.56470843,77.1000,0.012920,0.050000
1278,-22323.0055,2309.46399994,75.4000,0.013077,0.050000
1279,-19494.3228,2016.09646709,78.9000,0.012914,0.050000
1280,-20640.5976,1832.38153933,77.4000,0.012672,0.050000
1281,-21188.3085,2262.02950363,76.7000,0.012615,0.050000
1282,-21478.8712,2302.10503244,76.4000,0.012863,0.050000
1283,-20809.8122,2292.06349225,77.2000,0.012703,0.050000
1284,-20844.1549,2105.77026918,77.2000,0.012870,0.050000
1285,-20546.5990,2121.27973565,77.6000,0.013006,0.050000
1286,-20716.8864,2018.06836257,77.3000,0.012660,0.050000
1287,-20502.1491,2148.50547809,77.7000,0.013181,0.050000
1288,-22565.3984,2496.41426404,75.1000,0.013091,0.050000
1289,-21051.3303,2172.47740716,76.9000,0.012726,0.050000
1290,-19456.0891,2361.10798235,78.9000,0.012767,0.050000
1291,-20427.7700,2065.29664229,77.7000,0.012827,0.050000
1292,-19651.2938,2396.16303788,78.7000,0.012947,0.050000
1293,-21914.6477,2281.35430738,75.8000,0.012665,0.050000
1294,-20930.7592,2188.03386283,77.1000,0.012894,0.050000
1295,-20415.1225,2539.30155429,77.7000,0.012740,0.050000
1296,-19898.6373,2430.58312646,78.3000,0.012559,0.050000
1297,-20993.4519,2448.07380340,77.0000,0.012838,0.050000
1298,-21857.7768,2116.78985730,75.9000,0.012729,0.050000
1299,-21852.6655,2974.19334200,76.0000,0.013119,0.050000
1300,-19076.8208,2480.83595817,79.3000,0.012436,0.050000
1301,-20328.9846,2079.20466867,77.8000,0.012689,0.050000
1302,-20234.3236,1942.06172315,78.0000,0.013020,0.050000
1303,-19703.0150,2086.75074040,78.6000,0.012789,0.050000
1304,-18759.3178,2739.94351876,79.8000,0.012849,0.050000
1305,-19303.0935,2071.06241420,79.1000,0.012789,0.050000
1306,-20211.6031,2626.30060001,78.0000,0.012934,0.050000
1307,-20027.0147,2404.98834340,78.2000,0.012813,0.050000
1308,-19674.8950,2389.63996826,78.6000,0.012616,0.050000
1309,-22146.3519,2478.66273535,75.6000,0.012994,0.050000
1310,-19430.8532,2398.65460762,78.9000,0.012605,0.050000
1311,-21670.0487,1875.79614047,76.1000,0.012624,0.050000
1312,-20008.4937,1789.00684478,78.2000,0.012736,0.050000
1313,-19763.3295,2198.64827468,78.5000,0.012675,0.050000
1314,-20048.5491,1855.37183205,78.2000,0.012927,0.050000
1315,-20142.5023,2479.53646444,78.1000,0.013002,0.050000
1316,-20197.3359,2867.91465638,78.0000,0.012877,0.050000
1317,-21932.5538,2548.56758001,75.8000,0.012749,0.050000
1318,-20609.8311,2184.46248017,77.5000,0.012907,0.050000
1319,-19537.4647,2294.75819588,78.9000,0.013172,0.050000
1320,-21234.2148,2300.55223417,76.7000,0.012863,0.050000
1321,-20319.7087,2880.63334411,77.8000,0.012662,0.050000
1322,-19898.1070,2810.46486741,78.4000,0.012944,0.050000
1323,-22832.4593,1963.38611105,74.8000,0.013252,0.050000
1324,-19413.6830,1794.70291627,79.0000,0.012929,0.050000
1325,-19298.3861,2538.04644758,79.1000,0.012767,0.050000
1326,-20632.5398,1663.24071462,77.5000,0.013088,0.050000
1327,-20693.9775,2327.93158660,77.4000,0.012979,0.050000
1328,-20370.2274,2116.55434287,77.8000,0.012956,0.050000
1329,-20454.4906,2250.18215740,77.6000,0.012566,0.050000
1330,-20044.4010,2141.16046570,78.2000,0.012923,0.050000
1331,-21921.1904,2438.52833705,75.9000,0.013096,0.050000
1332,-20668.6052,2983.22011476,77.4000,0.012847,0.050000
1333,-21441.9770,1814.51068734,76.5000,0.013097,0.050000
1334,-20104.7601,2312.12293890,78.0000,0.012421,0.050000
1335,-20154.6562,2468.94817112,78.1000,0.013069,0.050000
1336,-20869.2443,2469.28736954,77.1000,0.012628,0.050000
1337,-21716.2431,2541.21238478,76.1000,0.012894,0.050000
1338,-20055.4964,2661.48347122,78.2000,0.012985,0.050000
1339,-19543.3942,2937.97547046,78.8000,0.012816,0.050000
1340,-20199.5458,2393.74805732,78.0000,0.012864,0.050000
1341,-20009.9878,2191.65633420,78.2000,0.012726,0.050000
1342,-20249.8477,2394.26194539,77.9000,0.012743,0.050000
1343,-20736.6148,2239.97214459,77.3000,0.012790,0.050000
1344,-21966.6575,2357.91414140,75.8000,0.012932,0.050000
1345,-22441.0456,2495.25885075,75.2000,0.012913,0.050000
1346,-20020.5635,2542.29135555,78.2000,0.012801,0.050000
1347,-20090.7607,2131.63071076,78.2000,0.013144,0.050000
1348,-21293.5002,2003.64091008,76.7000,0.013165,0.050000
1349,-19550.5799,2573.00679764,78.7000,0.012465,0.050000
1350,-19969.7331,2701.17949896,78.2000,0.012556,0.050000
1351,-21606.5726,2124.15637578,76.2000,0.012733,0.050000
1352,-21088.4679,2207.77464114,76.9000,0.012956,0.050000
1353,-20423.2737,2256.56232734,77.7000,0.012826,0.050000
1354,-19266.5425,2451.80236352,79.1000,0.012636,0.050000
1355,-19387.0097,1979.84210305,79.0000,0.012839,0.050000
1356,-20112.6271,2677.26646097,78.1000,0.012883,0.050000
1357,-18453.2317,2409.76972074,80.1000,0.012549,0.050000
1358,-20711.9846,2098.31018896,77.3000,0.012652,0.050000
1359,-20355.5300,2332.01910682,77.8000,0.012867,0.050000
1360,-21747.2983,2332.01493142,76.1000,0.013044,0.050000
1361,-19927.6311,2328.51592887,78.3000,0.012752,0.050000
1362,-21448.1660,2366.48809100,76.4000,0.012751,0.050000
1363,-21525.8017,2293.59009905,76.3000,0.012747,0.050000
1364,-22088.1112,2338.48635747,75.7000,0.013148,0.050000
1365,-19091.0309,2123.71525664,79.3000,0.012562,0.050000
1366,-19687.9809,2090.52412735,78.6000,0.012729,0.050000
1367,-18836.6667,2716.72879365,79.7000,0.012876,0.050000
1368,-20213.7462,2299.08735152,78.0000,0.012961,0.050000
1369,-20363.2135,2170.12015269,77.7000,0.012503,0.050000
1370,-21219.9286,2518.44716653,76.8000,0.013170,0.050000
1371,-21480.2954,1975.39333743,76.4000,0.012888,0.050000
1372,-19113.7819,1988.10011086,79.3000,0.012680,0.050000
1373,-20060.1530,2514.64215439,78.1000,0.012596,0.050000
1374,-22394.2483,2456.42211526,75.3000,0.013087,0.050000
1375,-21094.6130,2132.85534193,76.9000,0.012957,0.050000
1376,-20452.4523,2109.90770407,77.7000,0.012966,0.050000
1377,-21445.3989,1834.86018919,76.4000,0.012740,0.050000
1378,-22052.3168,2076.68068506,75.8000,0.013369,0.050000
1379,-19130.9876,2640.62374169,79.3000,0.012731,0.050000
1380,-20581.2095,2090.25540140,77.4000,0.012378,0.050000
1381,-20414.5195,2608.22753790,77.7000,0.012752,0.050000
1382,-19427.8065,2728.13634337,78.9000,0.012616,0.050000
1383,-18908.8159,2149.84289652,79.5000,0.012452,0.050000
1384,-21475.2820,1894.76930314,76.4000,0.012869,0.050000
1385,-19990.7456,2277.73851999,78.3000,0.013032,0.050000
1386,-20659.8459,2058.08153917,77.4000,0.012773,0.050000
1387,-20836.9556,2202.32460876,77.2000,0.012857,0.050000
1388,-20602.3851,2073.01975162,77.5000,0.012900,0.050000
1389,-19653.4208,2929.99087601,78.6000,0.012558,0.050000
1390,-20217.5339,1773.21848273,78.1000,0.013362,0.050000
1391,-22099.9697,2446.70505873,75.7000,0.013163,0.050000
1392,-19845.3923,2755.62734110,78.5000,0.013110,0.050000
1393,-19419.5681,2704.13606387,78.9000,0.012562,0.050000
1394,-20904.9062,1827.45436256,77.1000,0.012802,0.050000
1395,-21490.8763,2531.93507106,76.4000,0.012935,0.050000
1396,-18536.0589,1933.38297715,80.1000,0.012926,0.050000
1397,-20000.5735,2112.86255264,78.2000,0.012677,0.050000
1398,-20398.4029,2380.23353894,77.8000,0.013080,0.050000
1399,-19540.8939,2025.19082026,78.8000,0.012795,0.050000
1400,-21338.2367,2451.34520142,76.6000,0.012974,0.050000
1401,-18700.8586,1654.56624684,79.8000,0.012596,0.050000
1402,-20287.0860,2139.40312274,77.8000,0.012543,0.050000
1403,-20463.7364,2454.62140663,77.7000,0.012996,0.050000
1404,-20792.3662,2117.59368400,77.2000,0.012648,0.050000
1405,-20462.3218,2561.65538350,77.6000,0.012625,0.050000
1406,-19408.1433,2048.62098950,79.0000,0.012927,0.050000
1407,-21468.0447,2287.00946572,76.4000,0.012801,0.050000
1408,-21374.4140,1891.90180503,76.6000,0.013175,0.050000
1409,-20828.1506,2416.58738884,77.2000,0.012846,0.050000
1410,-21376.3209,2790.00964698,76.5000,0.012787,0.050000
1411,-21202.2041,1851.20838198,76.7000,0.012707,0.050000
1412,-19672.4408,2592.71918505,78.6000,0.012661,0.050000
1413,-20074.5558,2269.97256898,78.1000,0.012649,0.050000
1414,-21006.8352,2214.05976133,76.9000,0.012528,0.050000
1415,-21981.9029,2407.65264227,75.8000,0.013016,0.050000
1416,-20657.4453,2289.49805374,77.4000,0.012775,0.050000
1417,-21048.3843,2151.40579731,76.9000,0.012725,0.050000
1418,-19838.9583,2288.05992212,78.4000,0.012686,0.050000
1419,-20145.1097,1855.99768105,78.0000,0.012636,0.050000
1420,-20980.7540,2045.14440983,77.0000,0.012791,0.050000
1421,-20241.9938,2315.09759141,77.9000,0.012695,0.050000
1422,-20875.3885,1903.59272060,77.2000,0.013045,0.050000
1423,-20914.5117,2757.70975001,77.1000,0.012855,0.050000
1424,-21846.1405,2844.01377316,75.9000,0.012729,0.050000
1425,-19404.8912,1975.07269998,78.9000,0.012540,0.050000
1426,-21149.7043,2214.69271356,76.8000,0.012840,0.050000
1427,-19697.2080,2648.37497818,78.6000,0.012763,0.050000
1428,-18365.6959,2199.04582199,80.3000,0.012899,0.050000
1429,-22116.1087,1813.55839417,75.6000,0.012856,0.050000
1430,-21223.6348,2097.66961360,76.7000,0.012785,0.050000
1431,-18649.1829,1888.56023313,79.9000,0.012699,0.050000
1432,-21186.3349,2654.00089838,76.8000,0.013001,0.050000
1433,-19305.8723,2320.48665950,79.1000,0.012836,0.050000
1434,-20466.7352,2210.64998955,77.7000,0.013031,0.050000
1435,-20037.4334,2403.71681760,78.2000,0.012894,0.050000
1436,-22802.8048,2211.44210900,74.7000,0.012731,0.050000
1437,-21033.8157,2698.61358101,76.9000,0.012652,0.050000
1438,-18174.6983,2749.57435863,80.4000,0.012357,0.050000
1439,-20949.1583,2349.84100931,77.0000,0.012626,0.050000
1440,-20318.4424,2551.88881910,77.9000,0.013064,0.050000
1441,-20062.1217,2155.00018172,78.2000,0.012980,0.050000
1442,-19199.5718,2151.69507793,79.2000,0.012698,0.050000
1443,-19229.5626,2199.51274880,79.1000,0.012448,0.050000
1444,-19882.1784,2412.31588777,78.3000,0.012470,0.050000
1445,-21989.2616,2253.66303638,75.8000,0.013020,0.050000
1446,-19326.3471,1972.01781154,79.0000,0.012507,0.050000
1447,-21411.0728,2629.37916671,76.5000,0.012962,0.050000
1448,-20483.8117,2529.52070354,77.6000,0.012686,0.050000
1449,-22059.6077,2710.10089271,75.7000,0.012988,0.050000
1450,-20677.2011,2512.09810201,77.4000,0.012854,0.050000
1451,-20162.1465,2427.87501561,78.1000,0.013067,0.050000
1452,-23124.9191,2308.78092560,74.4000,0.013104,0.050000
1453,-21931.5619,2390.55225167,75.9000,0.013139,0.050000
1454,-22060.5292,2275.51657111,75.6000,0.012614,0.050000
1455,-21026.0126,2785.62115938,77.1000,0.013432,0.050000
1456,-19846.0109,2072.27465630,78.4000,0.012700,0.050000
1457,-20731.9589,2206.22470846,77.3000,0.012745,0.050000
1458,-19690.8361,2525.76813722,78.6000,0.012725,0.050000
1459,-20296.8335,2577.17046171,77.9000,0.012947,0.050000
1460,-20268.9630,1905.49424688,77.9000,0.012827,0.050000
1461,-19968.4698,2405.48385147,78.3000,0.012921,0.050000
1462,-20052.2475,2448.76605366,78.2000,0.012949,0.050000
1463,-19286.3372,1994.11503743,79.1000,0.012723,0.050000
1464,-19557.8953,2139.63716783,78.7000,0.012471,0.050000
1465,-20260.0574,2040.31633290,77.9000,0.012797,0.050000
1466,-23323.7112,1971.56527147,74.1000,0.012919,0.050000
1467,-19438.3488,2463.75436457,79.0000,0.013085,0.050000
1468,-18790.6329,2450.59459888,79.7000,0.012609,0.050000
1469,-18865.4272,2560.67240239,79.6000,0.012578,0.050000
1470,-21732.6633,2404.80849455,76.1000,0.012962,0.050000
1471,-20306.1723,2696.39601606,77.8000,0.012644,0.050000
1472,-21007.3798,1897.39384002,77.1000,0.013317,0.050000
1473,-17916.5500,1991.58707412,80.8000,0.012672,0.050000
1474,-22087.8206,1562.76312184,75.7000,0.013083,0.050000
1475,-19979.6200,2316.43658927,78.3000,0.012935,0.050000
1476,-21605.7024,2722.97930510,76.2000,0.012678,0.050000
1477,-22007.9177,2699.49989644,75.8000,0.013101,0.050000
1478,-18423.9015,2337.98587420,80.2000,0.012760,0.050000
1479,-20179.1306,1808.45825835,78.0000,0.012743,0.050000
1480,-21384.1030,2372.50479082,76.5000,0.012782,0.050000
1481,-18383.1292,1730.55239767,80.3000,0.012998,0.050000
1482,-21530.7780,2201.45137814,76.4000,0.013085,0.050000
1483,-21276.7871,2513.25917414,76.7000,0.013039,0.050000
1484,-21920.2390,2472.81922150,75.9000,0.013084,0.050000
1485,-20225.6700,2056.08560974,78.0000,0.012985,0.050000
1486,-19257.2401,2212.35716011,79.1000,0.012540,0.050000
1487,-20224.4318,2381.53072803,77.9000,0.012581,0.050000
1488,-21464.1452,2313.71679096,76.4000,0.012810,0.050000
1489,-18785.7502,1951.34699366,79.8000,0.012996,0.050000
1490,-19316.1135,2385.82113267,79.0000,0.012426,0.050000
1491,-19868.6349,2303.95627689,78.3000,0.012428,0.050000
1492,-18214.5524,2460.01628975,80.4000,0.012536,0.050000
1493,-19257.6980,2884.96115908,79.2000,0.012943,0.050000
1494,-21587.3737,2581.22115179,76.3000,0.013029,0.050000
1495,-21878.0572,2171.45350345,75.9000,0.012843,0.050000
1496,-21188.2608,2426.51406904,76.7000,0.012600,0.050000
1497,-20821.8850,2828.28016806,77.3000,0.013190,0.050000
1498,-20530.7346,2418.19109715,77.6000,0.012921,0.050000
1499,-18255.2008,2348.14474705,80.4000,0.012741,0.050000
1500,-18024.0038,2636.73101743,80.7000,0.012786,0.050000
1501,-20925.6137,2717.25366000,77.1000,0.012859,0.050000
1502,-19368.0535,2248.24001724,79.1000,0.013141,0.050000
1503,-20352.6226,2086.68316542,77.8000,0.012853,0.050000
1504,-20086.5728,2523.31587791,78.2000,0.013093,0.050000
1505,-21717.4703,2408.90494300,76.1000,0.012881,0.050000
1506,-17659.3512,2309.74679148,81.1000,0.012576,0.050000
1507,-18397.6683,2186.22514762,80.2000,0.012676,0.050000
1508,-20896.5260,2338.39612660,77.2000,0.013156,0.050000
1509,-19595.7281,2267.71196855,78.7000,0.012678,0.050000
1510,-20651.6156,2148.52223365,77.4000,0.012775,0.050000
1511,-20497.3039,2561.34150556,77.6000,0.012763,0.050000
1512,-18859.0920,2887.58668267,79.7000,0.012918,0.050000
1513,-19350.9838,1981.56643426,79.0000,0.012598,0.050000
1514,-19498.8676,2837.65454487,78.9000,0.012902,0.050000
1515,-20325.5306,2630.43771135,77.8000,0.012661,0.050000
1516,-20650.4272,2802.90592873,77.4000,0.012734,0.050000
1517,-23971.3627,2939.02806937,73.4000,0.013332,0.050000
1518,-22880.2903,1970.90991456,74.7000,0.013060,0.050000
1519,-23508.6795,1740.03812869,73.9000,0.013017,0.050000
1520,-18231.0015,1716.72726844,80.4000,0.012620,0.050000
1521,-20452.8422,2782.38473421,77.6000,0.012536,0.050000
1522,-20476.9406,2593.11939485,77.6000,0.012653,0.050000
1523,-18283.5671,2273.18542892,80.3000,0.012500,0.050000
1524,-20263.6917,2466.17109156,77.9000,0.012753,0.050000
1525,-20864.1069,2328.52228420,77.1000,0.012613,0.050000
1526,-20641.4672,2716.25690235,77.5000,0.013116,0.050000
1527,-20858.9530,2918.50314465,77.2000,0.012987,0.050000
1528,-20303.0045,2346.51841471,77.9000,0.012986,0.050000
1529,-19010.8158,2858.75106922,79.4000,0.012501,0.050000
1530,-21348.1527,2368.33879089,76.6000,0.013027,0.050000
1531,-19563.1111,2364.52736107,78.8000,0.012877,0.050000
1532,-19850.0007,1804.89147336,78.4000,0.012725,0.050000
1533,-20244.5798,2216.45261569,77.9000,0.012685,0.050000
1534,-20346.3401,1793.29556832,77.8000,0.012808,0.050000
1535,-20500.9499,2716.95065396,77.6000,0.012801,0.050000
1536,-20380.0165,2197.75343209,77.7000,0.012591,0.050000
1537,-20062.6954,2325.92635463,78.1000,0.012600,0.050000
1538,-21296.3090,2151.03389746,76.7000,0.013140,0.050000
1539,-18969.1683,3064.83928935,79.5000,0.012719,0.050000
1540,-21362.7700,2394.46410884,76.5000,0.012700,0.050000
1541,-20826.5464,2333.45964577,77.2000,0.012814,0.050000
1542,-20480.8745,2829.19393004,77.6000,0.012661,0.050000
1543,-20856.2382,2425.36033141,77.2000,0.012953,0.050000
1544,-20132.5875,2304.59856084,78.0000,0.012523,0.050000
1545,-20477.6881,2731.48442313,77.7000,0.013013,0.050000
1546,-21722.6371,1793.79618263,76.1000,0.012877,0.050000
1547,-21813.8179,2053.43729138,76.0000,0.012941,0.050000
1548,-20922.6649,2614.78660791,77.0000,0.012488,0.050000
1549,-20541.1264,2172.85479072,77.6000,0.012938,0.050000
1550,-19330.6886,2672.28642795,79.2000,0.013253,0.050000
1551,-21835.2906,3932.24275151,76.1000,0.013416,0.050000
1552,-20032.3346,2159.58324002,78.1000,0.012461,0.050000
1553,-22712.1033,2774.03865763,75.0000,0.013452,0.050000
1554,-19687.0389,2261.61752137,78.7000,0.013126,0.050000
1555,-21109.6671,2179.86733805,76.9000,0.013008,0.050000
1556,-21003.6946,2260.04339191,77.1000,0.013266,0.050000
1557,-19665.5330,1850.19313516,78.7000,0.012949,0.050000
1558,-19976.8507,3024.60634972,78.2000,0.012538,0.050000
1559,-18774.5061,2449.85600933,79.7000,0.012533,0.050000
1560,-22277.4096,2931.09996208,75.5000,0.013251,0.050000
1561,-19688.5857,2616.22189569,78.6000,0.012689,0.050000
1562,-20560.4437,2233.09816565,77.6000,0.013036,0.050000
1563,-17999.7141,1935.17985747,80.7000,0.012677,0.050000
1564,-19709.4560,2589.81563777,78.6000,0.012834,0.050000
1565,-21347.8532,2092.22803467,76.6000,0.013026,0.050000
1566,-21470.4214,2689.99376526,76.4000,0.012849,0.050000
1567,-19595.7355,2012.61820975,78.8000,0.013067,0.050000
1568,-22270.1494,2082.80564317,75.4000,0.012843,0.050000
1569,-21425.6878,2098.15553825,76.4000,0.012646,0.050000
1570,-19213.1038,2525.96249372,79.2000,0.012780,0.050000
1571,-20833.3592,2443.73903059,77.3000,0.013250,0.050000
1572,-19950.3740,2475.81156872,78.3000,0.012796,0.050000
1573,-21240.4425,2964.88076936,76.7000,0.012850,0.050000
1574,-20289.8149,2802.56185976,77.9000,0.012935,0.050000
1575,-21214.2275,2657.14747680,76.7000,0.012754,0.050000
1576,-18889.2257,2192.93277585,79.6000,0.012753,0.050000
1577,-20108.8558,2359.78289855,78.1000,0.012842,0.050000
1578,-20245.8173,3071.48097863,77.9000,0.012690,0.050000
1579,-19069.1467,2548.25762218,79.3000,0.012407,0.050000
1580,-20168.7733,2299.24215063,78.0000,0.012678,0.050000
1581,-19259.1597,1940.56224516,79.1000,0.012557,0.050000
1582,-23301.4867,2252.57159089,74.2000,0.013191,0.050000
1583,-20960.2273,2384.93167580,77.1000,0.013086,0.050000
1584,-20760.7694,2230.86667954,77.2000,0.012485,0.050000
1585,-19802.6290,2654.70614661,78.5000,0.012819,0.050000
1586,-21224.8246,2668.39840925,76.7000,0.012810,0.050000
1587,-20918.3350,2139.37790672,77.1000,0.012881,0.050000
1588,-21206.4186,2872.09630809,76.7000,0.012712,0.050000
1589,-22161.6922,2412.69129495,75.6000,0.013098,0.050000
1590,-20363.4623,2479.16449382,77.8000,0.012906,0.050000
1591,-20190.1198,2321.20544745,78.0000,0.012817,0.050000
1592,-21203.5535,2624.05709592,76.8000,0.013125,0.050000
1593,-20472.8627,2610.11719183,77.7000,0.013031,0.050000
1594,-19744.5583,2247.18462163,78.5000,0.012536,0.050000
1595,-18570.0997,2418.03666377,80.1000,0.013128,0.050000
1596,-20419.0788,2072.52084622,77.8000,0.013174,0.050000
1597,-21036.5871,2816.29324780,77.0000,0.013066,0.050000
1598,-20930.9915,1896.14898426,77.1000,0.012922,0.050000
1599,-17648.4655,2947.27560803,81.2000,0.012921,0.050000
1600,-20366.5569,2050.46781867,77.7000,0.012521,0.050000
1601,-19936.6915,2231.05695309,78.3000,0.012743,0.050000
1602,-19880.4184,2798.09227244,78.4000,0.012889,0.050000
1603,-19886.8714,2927.88488358,78.4000,0.012924,0.050000
1604,-21403.3669,2565.63895270,76.5000,0.012862,0.050000
1605,-22493.4666,2786.98489521,75.2000,0.013074,0.050000
1606,-20326.4828,2947.80535955,77.8000,0.012695,0.050000
1607,-20076.5822,2554.54717586,78.2000,0.013068,0.050000
1608,-18161.0798,2213.09707095,80.5000,0.012698,0.050000
1609,-20585.2490,2106.28764388,77.5000,0.012818,0.050000
1610,-20076.7378,2706.30333085,78.2000,0.013069,0.050000
1611,-19855.9301,2141.13673686,78.4000,0.012752,0.050000
1612,-20598.3855,2629.84017995,77.4000,0.012493,0.050000
1613,-20775.0591,2395.29740513,77.3000,0.012953,0.050000
1614,-19593.3952,2692.14844405,78.7000,0.012639,0.050000
1615,-19976.5409,3424.16968471,78.2000,0.012553,0.050000
1616,-21055.7612,2441.18985727,77.0000,0.013132,0.050000
1617,-19826.4362,2683.56041261,78.4000,0.012589,0.050000
1618,-20060.8454,2938.88106883,78.1000,0.012520,0.050000
1619,-19783.7352,2409.25706387,78.5000,0.012787,0.050000
1620,-20629.7484,2316.72159428,77.4000,0.012644,0.050000
1621,-20519.9726,2655.44711100,77.6000,0.012859,0.050000
1622,-20458.6475,2481.05760158,77.7000,0.012982,0.050000
1623,-20782.2230,2959.69360328,77.3000,0.012953,0.050000
1624,-19356.7655,2611.84707875,79.0000,0.012636,0.050000
1625,-20102.6334,2216.60904196,78.1000,0.012782,0.050000
1626,-18555.3150,1961.36093722,80.1000,0.013027,0.050000
1627,-19610.0130,2886.52257649,78.7000,0.012668,0.050000
1628,-20836.1444,2077.90692811,77.2000,0.012805,0.050000
1629,-20498.3549,2688.32016117,77.6000,0.012690,0.050000
1630,-20150.5662,2621.11751256,78.0000,0.012570,0.050000
1631,-20881.9312,2842.75380304,77.2000,0.013057,0.050000
1632,-19753.5747,3032.08017277,78.6000,0.013075,0.050000
1633,-21831.1162,2206.78377945,76.0000,0.013011,0.050000
1634,-20641.7465,2303.19423552,77.4000,0.012644,0.050000
1635,-20621.3573,3657.21852412,77.5000,0.012971,0.050000
1636,-20516.9771,2298.10919341,77.5000,0.012471,0.050000
1637,-19102.4447,3131.18495029,79.3000,0.012608,0.050000
1638,-20927.0006,2310.57198528,77.1000,0.012858,0.050000
1639,-19797.5701,2753.36140143,78.5000,0.012800,0.050000
1640,-19612.4964,2914.17985089,78.7000,0.012715,0.050000
1641,-20443.8045,3244.67882184,77.7000,0.012878,0.050000
1642,-19894.6630,2172.52318868,78.2000,0.012126,0.050000
1643,-19275.5035,2484.56855606,79.1000,0.012655,0.050000
1644,-21949.6368,2533.85932568,75.8000,0.012825,0.050000
1645,-21087.8931,1901.84963367,76.9000,0.012914,0.050000
1646,-20996.6904,2266.21015588,77.0000,0.012861,0.050000
1647,-19539.2101,2560.81945379,78.8000,0.012772,0.050000
1648,-19306.2822,3021.34198543,79.1000,0.012792,0.050000
1649,-20847.0491,2317.02230197,77.2000,0.012920,0.050000
1650,-21430.8531,3221.97242307,76.5000,0.013043,0.050000
1651,-20819.7492,2147.72672324,77.2000,0.012763,0.050000
1652,-19770.9646,2902.06091936,78.5000,0.012722,0.050000
1653,-20583.8254,2810.52096718,77.5000,0.012785,0.050000
1654,-19505.3153,2400.48990946,78.8000,0.012585,0.050000
1655,-21308.7611,2018.81547795,76.6000,0.012841,0.050000
1656,-19511.9761,2736.35697962,78.8000,0.012653,0.050000
1657,-22031.6651,2578.93933408,75.7000,0.012865,0.050000
1658,-19831.5623,2663.68115163,78.5000,0.013013,0.050000
1659,-18531.8489,2569.46695481,80.0000,0.012477,0.050000
1660,-19333.4723,2625.21007591,79.0000,0.012514,0.050000
1661,-22841.6698,1688.25411271,74.7000,0.012895,0.050000
1662,-21775.5585,2476.15378921,76.1000,0.013174,0.050000
1663,-21078.0285,2285.98024936,76.9000,0.012888,0.050000
1664,-19170.4224,2467.79228007,79.3000,0.012946,0.050000
1665,-20534.9398,2414.62256143,77.6000,0.012968,0.050000
1666,-21722.3322,2490.83190344,76.2000,0.013288,0.050000
1667,-21129.1791,2821.95516288,76.8000,0.012735,0.050000
1668,-21595.9528,2419.20937873,76.3000,0.013060,0.050000
1669,-20562.5118,2191.43312003,77.5000,0.012708,0.050000
1670,-21227.1803,2089.34873361,76.8000,0.013244,0.050000
1671,-21982.5548,2648.51668824,75.7000,0.012615,0.050000
1672,-19263.5169,2535.32019555,79.2000,0.012998,0.050000
1673,-19412.4120,2738.00028134,78.9000,0.012520,0.050000
1674,-21091.7421,3061.04114754,76.9000,0.012930,0.050000
1675,-22561.7216,2394.08979192,75.1000,0.013082,0.050000
1676,-19585.0543,3285.82474440,78.7000,0.012560,0.050000
1677,-18778.3596,2167.10494895,79.7000,0.012572,0.050000
1678,-19596.1102,2216.27996238,78.7000,0.012656,0.050000
1679,-19924.9692,2806.49587955,78.3000,0.012712,0.050000
1680,-19046.4411,2082.74780100,79.4000,0.012661,0.050000
1681,-20051.0470,3355.41579979,78.2000,0.012942,0.050000
1682,-19942.2993,2302.30848555,78.3000,0.012796,0.050000
1683,-20729.1977,2836.03061513,77.3000,0.012744,0.050000
1684,-20898.2136,1676.97052380,77.2000,0.013162,0.050000
1685,-22715.2914,2038.74659881,74.9000,0.013074,0.050000
1686,-19324.9371,2525.68058197,79.0000,0.012511,0.050000
1687,-20994.4679,2871.90541625,77.0000,0.012825,0.050000
1688,-19953.4397,2181.15480355,78.3000,0.012847,0.050000
1689,-22793.3571,3241.07928082,74.8000,0.013037,0.050000
1690,-20432.1762,2598.81028971,77.7000,0.012835,0.050000
1691,-20682.2356,2425.31133998,77.4000,0.012853,0.050000
1692,-20734.8267,3202.98037126,77.3000,0.012754,0.050000
1693,-21141.2751,2719.93687475,76.8000,0.012804,0.050000
1694,-20744.1524,2860.00061327,77.3000,0.012811,0.050000
1695,-19074.6498,2322.91429875,79.3000,0.012472,0.050000
1696,-22573.5040,2389.77947560,75.1000,0.013157,0.050000
1697,-20269.2864,2873.61269914,78.0000,0.013216,0.050000
1698,-21968.6537,2502.43652439,75.8000,0.012913,0.050000
1699,-20514.9446,2807.41782448,77.5000,0.012447,0.050000
1700,-22351.2416,2583.30833998,75.3000,0.012847,0.050000
1701,-21201.1456,2425.41932736,76.8000,0.013095,0.050000
1702,-21267.8533,2872.54245977,76.7000,0.013046,0.050000
1703,-19243.0227,2604.83613448,79.1000,0.012513,0.050000
1704,-20061.5898,2228.24714158,78.1000,0.012600,0.050000
1705,-19630.2259,2522.53334410,78.8000,0.013237,0.050000
1706,-19966.1128,3134.77444632,78.2000,0.012506,0.050000
1707,-19633.0234,2458.65002855,78.6000,0.012483,0.050000
1708,-17414.7273,2132.30278398,81.4000,0.012556,0.050000
1709,-19601.8637,2543.59474296,78.7000,0.012703,0.050000
1710,-19409.1628,2333.93740310,78.9000,0.012508,0.050000
1711,-19153.0260,2935.50914409,79.3000,0.012865,0.050000
1712,-21676.0567,2108.76495805,76.1000,0.012673,0.050000
1713,-19929.3648,3087.43411247,78.4000,0.013111,0.050000
1714,-21533.4020,2396.81925978,76.4000,0.013157,0.050000
1715,-20927.5883,2274.26026598,77.1000,0.012946,0.050000
1716,-19941.5444,2573.65643130,78.3000,0.012806,0.050000
1717,-20817.2777,2431.11539476,77.3000,0.013176,0.050000
1718,-21692.3352,2395.46919727,76.2000,0.013151,0.050000
1719,-19370.5259,2814.98201599,79.0000,0.012738,0.050000
1720,-20176.2166,2817.78405470,78.0000,0.012765,0.050000
1721,-21220.0925,2370.06529821,76.8000,0.013195,0.050000
1722,-21533.0431,2710.48021732,76.4000,0.013178,0.050000
1723,-20596.8538,3078.66741627,77.5000,0.012883,0.050000
1724,-20253.5399,2793.18195747,77.9000,0.012775,0.050000
1725,-19520.9792,2310.48564308,78.8000,0.012685,0.050000
1726,-20252.6192,2232.28173250,78.0000,0.013127,0.050000
1727,-18752.3802,3184.61696679,79.8000,0.012861,0.050000
1728,-20901.2560,2918.83597937,77.1000,0.012776,0.050000
1729,-21313.5274,2543.44064026,76.6000,0.012866,0.050000
1730,-20876.0934,2338.43627033,77.2000,0.013084,0.050000
1731,-19782.6640,2628.80948364,78.5000,0.012800,0.050000
1732,-18196.4289,2575.16873408,80.4000,0.012449,0.050000
1733,-21967.2049,2957.98696576,75.8000,0.012929,0.050000
1734,-20792.1431,2653.34657896,77.3000,0.013024,0.050000
1735,-21238.8132,2953.74550769,76.7000,0.012879,0.050000
1736,-20670.6839,2006.85813602,77.4000,0.012842,0.050000
1737,-19666.3784,2238.59669982,78.6000,0.012633,0.050000
1738,-19642.3133,3350.69953017,78.7000,0.012895,0.050000
1739,-21036.6196,2838.05698618,76.9000,0.012658,0.050000
1740,-21633.1616,2100.12836049,76.2000,0.012844,0.050000
1741,-20417.2214,2891.42127747,77.8000,0.013157,0.050000
1742,-19323.6082,2338.07944655,79.1000,0.012904,0.050000
1743,-20388.6847,2139.12088052,77.7000,0.012635,0.050000
1744,-21601.7636,2997.37166136,76.2000,0.012705,0.050000
1745,-19930.8848,2882.89001210,78.3000,0.012653,0.050000
1746,-22256.1465,3014.13992710,75.5000,0.013120,0.050000
1747,-18899.9483,2462.76849901,79.6000,0.012797,0.050000
1748,-18497.1759,2525.74089606,80.1000,0.012780,0.050000
1749,-20501.3454,2634.80792449,77.6000,0.012729,0.050000
1750,-20820.1140,2616.91738876,77.2000,0.012766,0.050000
1751,-20207.1996,2637.62094690,78.0000,0.012780,0.050000
1752,-19642.6011,2406.20092136,78.7000,0.012886,0.050000
1753,-21868.4175,2850.09635566,75.9000,0.012846,0.050000
1754,-19442.1459,2509.08366343,79.0000,0.013047,0.050000
1755,-19767.6046,2131.45769760,78.5000,0.012649,0.050000
1756,-20086.5592,3504.53544466,78.1000,0.012621,0.050000
1757,-19769.2002,2745.49209633,78.5000,0.012629,0.050000
1758,-22359.1391,2514.54811256,75.4000,0.013231,0.050000
1759,-22104.6580,2350.28323516,75.6000,0.012807,0.050000
1760,-21451.4293,2768.19513403,76.4000,0.012719,0.050000
1761,-19659.0769,3167.51638258,78.6000,0.012461,0.050000
1762,-20078.7645,2868.48300334,78.2000,0.013063,0.050000
1763,-19953.1084,2781.36588650,78.3000,0.012846,0.050000
1764,-20669.5587,2945.21558878,77.4000,0.012800,0.050000
1765,-19762.5238,2508.97012623,78.5000,0.012669,0.050000
1766,-19507.5120,2553.20189483,78.8000,0.012593,0.050000
1767,-20673.5975,2697.53421690,77.3000,0.012346,0.050000
1768,-20378.6761,2558.61750938,77.8000,0.012857,0.050000
1769,-20515.8908,2820.98490203,77.6000,0.012754,0.050000
1770,-18691.5215,2453.46819593,79.9000,0.012859,0.050000
1771,-21137.5937,2672.87792889,76.8000,0.012750,0.050000
1772,-21493.1856,2175.09929692,76.5000,0.013279,0.050000
1773,-19894.7162,2751.90165193,78.4000,0.012890,0.050000
1774,-19738.1312,2955.46665596,78.5000,0.012496,0.050000
1775,-21841.0086,2614.43195278,75.9000,0.012614,0.050000
1776,-20353.2217,2992.25332930,77.8000,0.012702,0.050000
1777,-19622.6317,2264.82262016,78.8000,0.013059,0.050000
1778,-20552.8034,2909.70706860,77.6000,0.012919,0.050000
1779,-20900.2197,2521.13004325,77.1000,0.012668,0.050000
1780,-21688.5337,2715.54711549,76.2000,0.012983,0.050000
1781,-20088.1743,2904.44664200,78.1000,0.012632,0.050000
1782,-20590.7771,2530.65994038,77.5000,0.012708,0.050000
1783,-20103.0078,2591.96037706,78.1000,0.012677,0.050000
1784,-21608.1433,3173.27926626,76.2000,0.012603,0.050000
1785,-22198.5163,2129.68762986,75.5000,0.012736,0.050000
1786,-21467.0762,2442.16295510,76.5000,0.013075,0.050000
1787,-20416.5513,2931.57923668,77.6000,0.012236,0.050000
1788,-19508.2020,3161.58873706,78.8000,0.012500,0.050000
1789,-22030.3649,2247.18313944,75.7000,0.012699,0.050000
1790,-21568.8697,3273.44873626,76.3000,0.012802,0.050000
1791,-18901.7433,1960.66072829,79.6000,0.012651,0.050000
1792,-21798.3008,2699.00545559,76.0000,0.012740,0.050000
1793,-20688.3782,2584.81157394,77.4000,0.012837,0.050000
1794,-17961.5328,2570.23100889,80.7000,0.012388,0.050000
1795,-21840.1048,2607.57911682,76.0000,0.012986,0.050000
1796,-22323.1807,2458.50365262,75.3000,0.012593,0.050000
1797,-18920.9615,2856.92694144,79.6000,0.012760,0.050000
1798,-21047.4826,3222.96828546,76.9000,0.012607,0.050000
1799,-17816.7196,2824.30980119,80.9000,0.012443,0.050000
1800,-20256.4921,2355.94500841,77.9000,0.012653,0.050000
1801,-18133.0106,2630.24403323,80.5000,0.012476,0.050000
1802,-18033.4452,3074.62445968,80.6000,0.012359,0.050000
1803,-20558.2746,3175.49016728,77.5000,0.012665,0.050000
1804,-20261.9656,2040.67091748,77.9000,0.012726,0.050000
1805,-19374.9600,3661.35935780,79.0000,0.012673,0.050000
1806,-19252.9385,2572.68197796,79.2000,0.012897,0.050000
1807,-20669.4695,3323.66614558,77.4000,0.012731,0.050000
1808,-20217.2701,2935.89969957,77.9000,0.012466,0.050000
1809,-21341.9801,2766.73387927,76.7000,0.013283,0.050000
1810,-18533.4533,2750.87309462,80.0000,0.012451,0.050000
1811,-18938.6014,3029.08314303,79.5000,0.012446,0.050000
1812,-20017.2749,2642.06297492,78.1000,0.012286,0.050000
1813,-17998.6903,2768.75961505,80.7000,0.012579,0.050000
1814,-19388.4626,2542.35236281,79.0000,0.012707,0.050000
1815,-20876.4457,3210.48355754,77.1000,0.012560,0.050000
1816,-20084.7575,2615.42288518,78.1000,0.012579,0.050000
1817,-19878.0904,2636.63889800,78.4000,0.012785,0.050000
1818,-20591.5688,3179.21456704,77.5000,0.012722,0.050000
1819,-20027.9696,2988.78430178,78.2000,0.012756,0.050000
1820,-19051.1299,2224.36230738,79.4000,0.012623,0.050000
1821,-17167.0159,3314.64910192,81.6000,0.012040,0.050000
1822,-19999.2941,2263.76031219,78.3000,0.012999,0.050000
1823,-20502.4350,3389.40348329,77.6000,0.012682,0.050000
1824,-18815.7584,1446.34738230,79.6000,0.012249,0.050000
1825,-21623.0087,2849.04580643,76.1000,0.012323,0.050000
1826,-20098.1800,2655.63585511,78.1000,0.012672,0.050000
1827,-19724.2748,2743.66964425,78.5000,0.012373,0.050000
1828,-18124.6339,2631.44741058,80.5000,0.012466,0.050000
1829,-20751.8371,2206.76365954,77.2000,0.012335,0.050000
1830,-18885.5697,3375.18625285,79.5000,0.012256,0.050000
1831,-21128.5441,2226.21937320,76.9000,0.013095,0.050000
1832,-19314.2688,3146.52100141,79.0000,0.012349,0.050000
1833,-19192.5081,2923.34896323,79.2000,0.012576,0.050000
1834,-20428.7475,2262.40227822,77.7000,0.012710,0.050000
1835,-19141.8609,2566.12447898,79.3000,0.012660,0.050000
1836,-18911.2000,2351.46162314,79.6000,0.012741,0.050000
1837,-20158.6883,2577.22480788,78.0000,0.012593,0.050000
1838,-18207.0768,2456.39869399,80.4000,0.012409,0.050000
1839,-19235.4613,4068.84444671,79.2000,0.012729,0.050000
1840,-16948.8868,2755.65599161,82.0000,0.012572,0.050000
1841,-21476.5386,2577.26351076,76.4000,0.012728,0.050000
1842,-19184.5752,2568.60426393,79.3000,0.012881,0.050000
1843,-20099.6942,2767.15909836,78.1000,0.012660,0.050000
1844,-22289.9876,2767.85059412,75.4000,0.012814,0.050000
1845,-17980.9795,3469.60618316,80.6000,0.012087,0.050000
1846,-21045.7365,2453.25617625,76.9000,0.012599,0.050000
1847,-19978.4926,2909.88273863,78.3000,0.012882,0.050000
1848,-19753.6939,2616.05300355,78.5000,0.012571,0.050000
1849,-19425.1330,2455.94170676,79.0000,0.012942,0.050000
1850,-19658.4880,2767.47111188,78.6000,0.012484,0.050000
1851,-19763.3233,3159.19814716,78.6000,0.013016,0.050000
1852,-19809.6778,2128.39080681,78.5000,0.012811,0.050000
1853,-20714.3835,1934.61108955,77.3000,0.012621,0.050000
1854,-18713.8348,2797.88438117,79.8000,0.012552,0.050000
1855,-19015.7571,2865.42783468,79.4000,0.012476,0.050000
1856,-19908.8645,3157.40866027,78.3000,0.012523,0.050000
1857,-19484.4380,2468.87207511,78.8000,0.012448,0.050000
1858,-19752.9739,2162.70310480,78.5000,0.012553,0.050000
1859,-20381.4653,2672.07997932,77.8000,0.012902,0.050000
1860,-19833.9032,3064.96234095,78.4000,0.012576,0.050000
1861,-21047.3689,2424.40222613,77.0000,0.013066,0.050000
1862,-19490.8585,2669.75913477,78.8000,0.012485,0.050000
1863,-19935.7463,2424.03618410,78.3000,0.012636,0.050000
1864,-19766.7718,2161.18927445,78.5000,0.012618,0.050000
1865,-20261.4843,2159.00038424,77.8000,0.012262,0.050000
1866,-20808.2354,2750.08434451,77.2000,0.012586,0.050000
1867,-19690.3287,2399.28408739,78.6000,0.012623,0.050000
1868,-20717.5347,2237.98567537,77.3000,0.012567,0.050000
1869,-20214.6376,3506.75337843,78.0000,0.012844,0.050000
1870,-21300.1231,3647.11040023,76.6000,0.012665,0.050000
1871,-19233.9699,3372.14106594,79.1000,0.012328,0.050000
1872,-18233.2555,2364.77051158,80.4000,0.012575,0.050000
1873,-19202.2684,2923.68387658,79.2000,0.012598,0.050000
1874,-20258.4930,2893.25902313,78.0000,0.013052,0.050000
1875,-20208.3473,2621.46039080,78.0000,0.012836,0.050000
1876,-20471.9271,2778.30814044,77.6000,0.012541,0.050000
1877,-19503.8385,2875.93470464,78.8000,0.012459,0.050000
1878,-20027.9002,3036.58257911,78.2000,0.012694,0.050000
1879,-18851.8364,2742.16595587,79.6000,0.012416,0.050000
1880,-20368.4690,2766.88662078,77.8000,0.012816,0.050000
1881,-21363.0678,3839.72740457,76.5000,0.012648,0.050000
1882,-20894.6739,1926.91197267,77.1000,0.012640,0.050000
1883,-17792.6418,2353.08243878,80.9000,0.012352,0.050000
1884,-18675.7705,2485.35450024,79.8000,0.012355,0.050000
1885,-19520.2216,2867.17212515,78.8000,0.012578,0.050000
1886,-21241.7540,2341.11742847,76.7000,0.012792,0.050000
1887,-21305.5387,2667.32378095,76.6000,0.012732,0.050000
1888,-21167.0382,2962.63666293,76.8000,0.012805,0.050000
1889,-20545.2149,2601.88739731,77.6000,0.012889,0.050000
1890,-20266.6154,1842.05611227,77.8000,0.012311,0.050000
1891,-19716.9618,2782.59988949,78.5000,0.012361,0.050000
1892,-20369.1373,2695.68652372,77.7000,0.012425,0.050000
1893,-19752.8691,2682.82922851,78.5000,0.012529,0.050000
1894,-19969.8760,2324.37239518,78.3000,0.012801,0.050000
1895,-22126.9793,2606.80530830,75.6000,0.012819,0.050000
1896,-20014.7800,2596.05476206,78.1000,0.012239,0.050000
1897,-19692.8043,2655.94674213,78.6000,0.012618,0.050000
1898,-21298.5777,2400.79049951,76.7000,0.013087,0.050000
1899,-21134.4364,2345.81261181,76.8000,0.012650,0.050000
1900,-21357.2110,2345.42186607,76.6000,0.012981,0.050000
1901,-20540.3939,2574.86328034,77.6000,0.012888,0.050000
1902,-20411.3169,2296.60002583,77.7000,0.012647,0.050000
1903,-20730.1673,2670.42249368,77.3000,0.012628,0.050000
1904,-19796.0755,2372.80202793,78.5000,0.012767,0.050000
1905,-19983.3129,2719.70172531,78.2000,0.012507,0.050000
1906,-19588.0417,2609.92657037,78.7000,0.012543,0.050000
1907,-20525.8317,2925.48559420,77.6000,0.012842,0.050000
1908,-21155.0092,2603.94155161,76.7000,0.012371,0.050000
1909,-18622.3594,2074.28155520,79.9000,0.012524,0.050000
1910,-21155.3700,2709.02148195,76.8000,0.012785,0.050000
1911,-19676.9059,1981.67156655,78.6000,0.012612,0.050000
1912,-22041.6649,2488.40473273,75.6000,0.012403,0.050000
1913,-22499.3403,3247.94924905,75.1000,0.012756,0.050000
1914,-20635.4938,2610.70192600,77.5000,0.012964,0.050000
1915,-21644.5107,3564.66603315,76.3000,0.013204,0.050000
1916,-22285.8340,2830.44890465,75.4000,0.012817,0.050000
1917,-20674.3884,2497.94660446,77.3000,0.012349,0.050000
1918,-18455.6691,2257.39842665,80.1000,0.012489,0.050000
1919,-21250.0819,3315.70310855,76.7000,0.012841,0.050000
1920,-19593.0387,2399.30570960,78.7000,0.012559,0.050000
1921,-19555.7968,2087.20724259,78.8000,0.012791,0.050000
1922,-21124.1972,2856.57985111,76.9000,0.013024,0.050000
1923,-20827.1530,3443.32588302,77.2000,0.012769,0.050000
1924,-19646.0083,2735.51739893,78.7000,0.012832,0.050000
1925,-20752.0289,2309.45646858,77.3000,0.012757,0.050000
1926,-19949.4133,2625.98278980,78.3000,0.012719,0.050000
1927,-18337.5002,2564.54649214,80.2000,0.012246,0.050000
1928,-19831.1138,2399.86808723,78.5000,0.012965,0.050000
1929,-21166.5378,2322.89606135,76.8000,0.012861,0.050000
1930,-20315.2395,2098.11280145,77.8000,0.012614,0.050000
1931,-19649.3451,3046.80482809,78.6000,0.012475,0.050000
1932,-22249.3426,2959.48917197,75.4000,0.012633,0.050000
1933,-20181.9676,2711.46247859,77.9000,0.012314,0.050000
1934,-20107.7696,2752.63644967,78.1000,0.012735,0.050000
1935,-18822.0909,3380.93779442,79.6000,0.012322,0.050000
1936,-19256.6781,3701.82295119,79.1000,0.012542,0.050000
1937,-19256.5221,3348.44674894,79.1000,0.012497,0.050000
1938,-20512.0644,3039.81540434,77.6000,0.012800,0.050000
1939,-18894.1818,3102.60075549,79.6000,0.012676,0.050000
1940,-21273.2493,2533.24180633,76.6000,0.012570,0.050000
1941,-18972.8322,2605.55347728,79.5000,0.012690,0.050000
1942,-19143.0737,2853.79159601,79.3000,0.012737,0.050000
1943,-19360.9535,3543.83450339,79.0000,0.012589,0.050000
1944,-19628.6059,2503.79793448,78.7000,0.012760,0.050000
1945,-19200.3468,2199.92361118,79.2000,0.012632,0.050000
1946,-20320.6821,2949.47021526,77.9000,0.013026,0.050000
1947,-20654.4602,2577.79613574,77.5000,0.013071,0.050000
1948,-19857.3189,3046.07224007,78.3000,0.012284,0.050000
1949,-20282.2358,3511.30510016,77.8000,0.012444,0.050000
1950,-19668.0864,3196.18423805,78.7000,0.012927,0.050000
1951,-20875.1183,1868.31579657,77.1000,0.012566,0.050000
1952,-18095.9787,2513.57276557,80.6000,0.012688,0.050000
1953,-22501.3905,2711.31231596,75.2000,0.013105,0.050000
1954,-20556.7427,2619.40998497,77.6000,0.013003,0.050000
1955,-20613.6639,2606.17164682,77.4000,0.012453,0.050000
1956,-20024.1919,2185.39017210,78.2000,0.012735,0.050000
1957,-20221.9878,2689.94707278,77.9000,0.012536,0.050000
1958,-20971.4509,3368.00846100,77.0000,0.012674,0.050000
1959,-20617.2857,2962.86476924,77.5000,0.012842,0.050000
1960,-21088.0444,2319.74963910,76.9000,0.012828,0.050000
1961,-21224.4367,2817.25287701,76.7000,0.012724,0.050000
1962,-20680.9010,2533.48740076,77.3000,0.012412,0.050000
1963,-20756.9648,2823.98660356,77.3000,0.012765,0.050000
1964,-21668.6644,2224.18186140,76.2000,0.012946,0.050000
1965,-20302.4564,2960.09443369,77.9000,0.012895,0.050000
1966,-20138.1277,2487.73188468,78.0000,0.012470,0.050000
1967,-18686.6890,3360.17795218,79.8000,0.012411,0.050000
1968,-20851.8357,2852.69346594,77.3000,0.013249,0.050000
1969,-21099.9192,2392.75530231,76.9000,0.012853,0.050000
1970,-19855.0508,2213.51955118,78.4000,0.012699,0.050000
1971,-20133.5159,1799.10129160,78.0000,0.012473,0.050000
1972,-20114.8880,1778.27006426,78.1000,0.012743,0.050000
1973,-20340.3786,2397.00384609,77.8000,0.012727,0.050000
1974,-19866.9117,2357.71685147,78.3000,0.012307,0.050000
1975,-19686.3748,2713.21222609,78.5000,0.012242,0.050000
1976,-21086.4563,2263.95449571,76.9000,0.012847,0.050000
1977,-20875.4613,2062.94057032,77.2000,0.012983,0.050000
1978,-19094.4416,2165.26251375,79.4000,0.012870,0.050000
1979,-19387.1760,2548.85338189,79.0000,0.012731,0.050000
1980,-19333.8068,2158.29895634,79.0000,0.012491,0.050000
1981,-20341.0029,3143.97030899,77.8000,0.012742,0.050000
1982,-21077.4369,3254.16205241,76.9000,0.012794,0.050000
1983,-20942.9731,3191.18005347,77.1000,0.012935,0.050000
1984,-18446.3756,2733.76848073,80.1000,0.012471,0.050000
1985,-18699.4363,3316.93715554,79.8000,0.012502,0.050000
1986,-18968.9441,3047.99245783,79.5000,0.012647,0.050000
1987,-21289.3754,2785.11586507,76.8000,0.013455,0.050000
1988,-18070.6021,2616.83810395,80.6000,0.012549,0.050000
1989,-20644.3213,2650.39114196,77.4000,0.012633,0.050000
1990,-19159.9989,2616.65851875,79.2000,0.012410,0.050000
1991,-20741.0687,2768.41865964,77.4000,0.013133,0.050000
1992,-20506.9470,2152.34331430,77.6000,0.012728,0.050000
1993,-19476.5234,2571.89254629,78.9000,0.012828,0.050000
1994,-19310.5718,2902.78802718,79.1000,0.012767,0.050000
1995,-20505.8729,2482.30911504,77.6000,0.012758,0.050000
1996,-20778.0981,3133.33042834,77.3000,0.012919,0.050000
1997,-21340.9896,2773.35986361,76.5000,0.012520,0.050000
1998,-19405.8484,2930.43163696,78.9000,0.012446,0.050000
1999,-20344.6667,2830.17426316,77.8000,0.012735,0.050000
2000,-20568.6632,2408.27533157,77.5000,0.012629,0.050000
2001,-19010.4046,2061.09972346,79.5000,0.012866,0.050000
2002,-20885.2702,2373.05311841,77.2000,0.013089,0.050000
2003,-21059.0567,2594.49579508,76.9000,0.012734,0.050000
2004,-18700.1295,2220.59524100,79.8000,0.012527,0.050000
2005,-19528.4567,2482.31803025,78.8000,0.012685,0.050000
2006,-21809.4978,3328.54872470,76.0000,0.012844,0.050000
2007,-20608.1013,1945.86006676,77.5000,0.012855,0.050000
2008,-20566.5194,2740.02431841,77.6000,0.013068,0.050000
2009,-20732.3040,2946.14475659,77.3000,0.012676,0.050000
2010,-20232.5261,2613.50899907,78.0000,0.012991,0.050000
2011,-19336.0187,2898.45062861,79.0000,0.012530,0.050000
2012,-20301.9154,2707.11612567,77.9000,0.012920,0.050000
2013,-20471.7538,2717.45879961,77.6000,0.012559,0.050000
2014,-19328.3888,2519.54764286,79.0000,0.012449,0.050000
2015,-19815.2209,2284.89916340,78.5000,0.012936,0.050000
2016,-21157.7737,2686.83416365,76.8000,0.012822,0.050000
2017,-19992.2588,2940.72343589,78.2000,0.012587,0.050000
2018,-19417.1594,2569.34957128,78.9000,0.012485,0.050000
2019,-18803.3678,2630.14843654,79.7000,0.012625,0.050000
2020,-21495.6246,2413.43153398,76.5000,0.013312,0.050000
2021,-19400.2946,2830.10528888,79.0000,0.012809,0.050000
2022,-21231.9542,2314.55096160,76.8000,0.013150,0.050000
2023,-18608.2056,2413.81164194,79.9000,0.012450,0.050000
2024,-20318.6052,2305.82026680,77.8000,0.012615,0.050000
2025,-18494.3052,3066.18145107,80.0000,0.012282,0.050000
2026,-20068.8989,2759.33238732,78.1000,0.012550,0.050000
2027,-20143.4846,2513.37742408,78.0000,0.012525,0.050000
2028,-22186.7186,2917.79459164,75.6000,0.013121,0.050000
2029,-19865.4704,3076.70304181,78.4000,0.012734,0.050000
2030,-18740.0840,2536.12475640,79.7000,0.012331,0.050000
2031,-19934.9799,2834.14972588,78.4000,0.013093,0.050000
2032,-20078.3113,2840.59317616,78.1000,0.012583,0.050000
2033,-19713.0332,1977.19241378,78.6000,0.012767,0.050000
2034,-20202.0439,2219.22020003,78.0000,0.012793,0.050000
2035,-20202.3927,2660.14215665,77.9000,0.012400,0.050000
2036,-18926.7033,1575.04748368,79.5000,0.012457,0.050000
2037,-19616.5015,2336.89814654,78.7000,0.012687,0.050000
2038,-18967.1878,2561.87004973,79.5000,0.012624,0.050000
2039,-20001.6285,2887.14470540,78.2000,0.012583,0.050000
2040,-19664.0090,2351.13102393,78.6000,0.012521,0.050000
2041,-19032.9774,2783.43498628,79.4000,0.012600,0.050000
2042,-19679.7525,3108.68445317,78.6000,0.012569,0.050000
2043,-17903.8016,2088.86552409,80.8000,0.012471,0.050000
2044,-20030.9987,2779.41737949,78.3000,0.013159,0.050000
2045,-20470.4646,2743.10732233,77.6000,0.012544,0.050000
2046,-20297.9958,2760.43260688,77.8000,0.012501,0.050000
2047,-21386.0223,2195.56941526,76.6000,0.013133,0.050000
2048,-20717.1403,3042.99583342,77.3000,0.012562,0.050000
2049,-20275.2799,2321.96345678,77.9000,0.012809,0.050000
2050,-20414.7813,2863.08841298,77.7000,0.012679,0.050000
2051,-19620.9494,2321.91059551,78.7000,0.012699,0.050000
2052,-20202.9660,2818.13085524,78.0000,0.012820,0.050000
2053,-18712.0852,2304.63132787,79.9000,0.012928,0.050000
2054,-20479.7015,3091.71191365,77.6000,0.012631,0.050000
2055,-21009.2399,3198.67878851,77.0000,0.012862,0.050000
2056,-20318.7147,3099.28725686,77.8000,0.012599,0.050000
2057,-18214.8147,2216.71397847,80.4000,0.012479,0.050000
2058,-18472.7822,2107.67377794,80.1000,0.012557,0.050000
2059,-20910.4426,2968.61332996,77.1000,0.012740,0.050000
2060,-20729.3833,2110.14366047,77.3000,0.012660,0.050000
2061,-20344.8296,2685.38772019,77.8000,0.012743,0.050000
2062,-19662.8552,2906.34739343,78.6000,0.012502,0.050000
2063,-19419.2165,2216.75276907,78.9000,0.012504,0.050000
2064,-19590.3618,2806.00214728,78.8000,0.012955,0.050000
2065,-19069.9054,3122.15688679,79.4000,0.012747,0.050000
2066,-19910.4400,2738.79243102,78.4000,0.012944,0.050000
2067,-20343.2303,2844.73786963,77.8000,0.012700,0.050000
2068,-19190.1831,2291.63013647,79.2000,0.012537,0.050000
2069,-20603.6597,3297.39679095,77.5000,0.012802,0.050000
2070,-22049.8189,3050.26694152,75.7000,0.012843,0.050000
2071,-21095.8625,2934.90898257,76.9000,0.012901,0.050000
2072,-17602.0662,1984.95249277,81.2000,0.012601,0.050000
2073,-21365.7591,2440.58749546,76.7000,0.013441,0.050000
2074,-20735.1337,2624.46011605,77.3000,0.012684,0.050000
2075,-20750.8042,2498.63246500,77.3000,0.012758,0.050000
2076,-19211.9427,3334.11379149,79.1000,0.012274,0.050000
2077,-21754.5371,2731.68524199,76.1000,0.012966,0.050000
2078,-21366.5623,3064.31989309,76.6000,0.013051,0.050000
2079,-21512.4065,3251.03998645,76.5000,0.013348,0.050000
2080,-20936.3916,2410.73925588,77.0000,0.012518,0.050000
2081,-21456.0317,3283.52045761,76.4000,0.012688,0.050000
2082,-19561.5201,3049.84742227,78.8000,0.012859,0.050000
2083,-21128.2366,3345.70079801,76.8000,0.012647,0.050000
2084,-19028.1597,3168.58524799,79.4000,0.012530,0.050000
2085,-19827.4739,3261.68409825,78.4000,0.012519,0.050000
2086,-20729.6480,2300.71265948,77.3000,0.012635,0.050000
2087,-19516.8425,2534.00386388,78.8000,0.012585,0.050000
2088,-19839.2161,2866.57190118,78.4000,0.012588,0.050000
2089,-19748.2615,3270.76629472,78.5000,0.012560,0.050000
2090,-19871.8151,2530.12922191,78.4000,0.012742,0.050000
2091,-20004.3885,2752.21462804,78.3000,0.012978,0.050000
2092,-20713.2915,2190.52283639,77.4000,0.012953,0.050000
2093,-20763.9050,2408.86478294,77.2000,0.012437,0.050000
2094,-20282.9275,2627.10068205,77.8000,0.012419,0.050000
2095,-19032.3358,2631.37007984,79.4000,0.012568,0.050000
2096,-17878.1719,3048.54933955,80.8000,0.012404,0.050000
2097,-20280.0191,2203.16618048,77.9000,0.012765,0.050000
2098,-17705.8215,2762.30073354,81.0000,0.012308,0.050000
2099,-19280.7067,3268.67437664,79.1000,0.012598,0.050000
2100,-22029.7931,1848.19543154,75.7000,0.012754,0.050000
2101,-19630.4268,2855.71460532,78.7000,0.012772,0.050000
2102,-21939.5043,2089.78625993,75.8000,0.012689,0.050000
2103,-19610.4908,2185.23342926,78.7000,0.012635,0.050000
2104,-20692.3317,2527.18643673,77.4000,0.012852,0.050000
2105,-17740.6121,3602.75153029,81.0000,0.012480,0.050000
2106,-19375.7789,2731.75333156,79.0000,0.012642,0.050000
2107,-19700.8427,2950.65451066,78.6000,0.012697,0.050000
2108,-21217.0301,3420.15823283,76.7000,0.012685,0.050000
2109,-21252.2451,2863.25815977,76.6000,0.012487,0.050000
2110,-20636.6140,3613.00413101,77.4000,0.012616,0.050000
2111,-21729.4444,2876.44198086,76.1000,0.012856,0.050000
2112,-20888.1313,2428.74504786,77.2000,0.013051,0.050000
2113,-20813.8643,3082.37118687,77.3000,0.013029,0.050000
2114,-18557.8579,2785.87604849,80.0000,0.012604,0.050000
2115,-20546.3659,3440.35340763,77.5000,0.012540,0.050000
2116,-19726.9881,3545.15111801,78.5000,0.012431,0.050000
2117,-18436.0125,2778.39164348,80.1000,0.012346,0.050000
2118,-20306.3729,2040.82993494,77.9000,0.012913,0.050000
2119,-20905.6648,2769.62187976,77.1000,0.012739,0.050000
2120,-20907.4787,3160.03172738,77.1000,0.012767,0.050000
2121,-20490.1910,3254.97413723,77.7000,0.013036,0.050000
2122,-19344.3088,2980.66309065,79.0000,0.012553,0.050000
2123,-21137.5902,3174.53002573,76.8000,0.012719,0.050000
2124,-19889.0185,3003.04661442,78.4000,0.012852,0.050000
2125,-18818.6345,3514.07411070,79.7000,0.012679,0.050000
2126,-20742.4388,2408.09194544,77.3000,0.012734,0.050000
2127,-19924.9671,1885.22685210,78.3000,0.012644,0.050000
2128,-19234.7217,3205.74553472,79.2000,0.012765,0.050000
2129,-20093.4758,3211.54137686,78.1000,0.012610,0.050000
2130,-19767.5846,2346.88461230,78.5000,0.012634,0.050000
2131,-20430.5241,2671.83683378,77.7000,0.012724,0.050000
2132,-21826.7877,2114.29284992,76.0000,0.012985,0.050000
2133,-20011.4363,2364.44548207,78.2000,0.012653,0.050000
2134,-19425.4444,2198.43997622,78.9000,0.012522,0.050000
2135,-19558.6023,2951.62009978,78.7000,0.012397,0.050000
2136,-21166.6197,2406.97196991,76.8000,0.012842,0.050000
2137,-22306.0401,1987.20206597,75.3000,0.012534,0.050000
2138,-19936.1996,2597.41131403,78.3000,0.012684,0.050000
2139,-21086.3742,2513.57020252,76.9000,0.012818,0.050000
2140,-19257.4263,3812.29417885,79.1000,0.012508,0.050000
2141,-20232.5758,2018.45398410,77.9000,0.012559,0.050000
2142,-21865.8082,2712.47078152,76.0000,0.013101,0.050000
2143,-21306.5615,2770.72501116,76.6000,0.012730,0.050000
2144,-19865.0084,2741.56651798,78.4000,0.012695,0.050000
2145,-19421.5992,2629.72940624,79.0000,0.012877,0.050000
2146,-21883.7202,2342.56409261,75.9000,0.012814,0.050000
2147,-20515.4011,2714.60355253,77.6000,0.012782,0.050000
2148,-19675.9717,1689.94517830,78.6000,0.012574,0.050000
2149,-18359.1109,2880.17691815,80.2000,0.012349,0.050000
2150,-19472.3801,2413.50428842,78.9000,0.012802,0.050000
2151,-20836.4752,2663.25958835,77.2000,0.012794,0.050000
2152,-20962.0931,2449.14789490,77.0000,0.012614,0.050000
2153,-19770.2227,3588.07473545,78.5000,0.012671,0.050000
2154,-20778.9090,3088.70986834,77.2000,0.012499,0.050000
2155,-21251.2946,2636.04594385,76.7000,0.012817,0.050000
2156,-21654.9297,3231.75347945,76.2000,0.012868,0.050000
2157,-20422.1055,2407.08158033,77.7000,0.012714,0.050000
2158,-18063.4087,2735.04815932,80.6000,0.012508,0.050000
2159,-19837.5100,3040.73507441,78.5000,0.012988,0.050000
2160,-19985.6516,3081.04990166,78.2000,0.012530,0.050000
2161,-19928.0802,2762.12241544,78.3000,0.012660,0.050000
2162,-21425.5933,2791.57448004,76.5000,0.012943,0.050000
2163,-20255.6643,3002.64321916,77.9000,0.012698,0.050000
2164,-21269.2111,2855.18656961,76.6000,0.012550,0.050000
2165,-20243.7916,3671.11495427,77.8000,0.012237,0.050000
2166,-22179.1324,2752.81946114,75.5000,0.012687,0.050000
2167,-21382.5138,2643.73489885,76.5000,0.012737,0.050000
2168,-22583.5294,3333.31649229,75.1000,0.013128,0.050000
2169,-22139.0322,2359.01510915,75.6000,0.012875,0.050000
2170,-21138.5915,1441.89256174,76.8000,0.012684,0.050000
2171,-18308.8240,2790.18747332,80.4000,0.012875,0.050000
2172,-20283.6912,2573.20091120,78.0000,0.013208,0.050000
2173,-20494.6563,2793.96030762,77.5000,0.012232,0.050000
2174,-20289.7695,2695.90045854,77.9000,0.012796,0.050000
2175,-20271.2141,2924.42664080,77.8000,0.012321,0.050000
2176,-20732.1330,2998.76501105,77.3000,0.012611,0.050000
2177,-19444.7554,2149.86047416,78.9000,0.012585,0.050000
2178,-18789.6420,3882.30464234,79.7000,0.012516,0.050000
2179,-19884.3978,2484.11295885,78.4000,0.012780,0.050000
2180,-20134.6573,3068.15686372,77.9000,0.012037,0.050000
2181,-23065.9775,2799.96331880,74.3000,0.012297,0.050000
2182,-21889.8493,3564.10507425,75.9000,0.012821,0.050000
2183,-21934.4858,2906.27203383,75.9000,0.013013,0.050000
2184,-20746.2862,4128.04893521,77.3000,0.012711,0.050000
2185,-20016.5015,3032.95204621,78.1000,0.012260,0.050000
2186,-19743.1881,2928.11125523,78.6000,0.012861,0.050000
2187,-19512.8964,2574.58354418,78.8000,0.012528,0.050000
2188,-19044.9509,2251.71453871,79.5000,0.012960,0.050000
2189,-18501.2474,2368.77324156,80.1000,0.012699,0.050000
2190,-19654.7490,3027.54084520,78.6000,0.012476,0.050000
2191,-19606.9420,3032.51504338,78.6000,0.012222,0.050000
2192,-21407.4210,2352.96068187,76.5000,0.012811,0.050000
2193,-21263.2344,3545.92374844,76.7000,0.012906,0.050000
2194,-21230.1407,3033.41677917,76.7000,0.012724,0.050000
2195,-20876.2842,2304.76526493,77.2000,0.012943,0.050000
2196,-20641.8410,3055.55491116,77.5000,0.012966,0.050000
2197,-21172.3175,2489.32467382,76.7000,0.012397,0.050000
2198,-20283.3621,2363.04290867,77.9000,0.012762,0.050000
2199,-21630.8629,2599.83219998,76.2000,0.012739,0.050000
2200,-21577.7102,3338.69893005,76.3000,0.012869,0.050000
2201,-16806.5344,3158.77670192,82.2000,0.012609,0.050000
2202,-18668.3647,2604.01770444,79.9000,0.012715,0.050000
2203,-21317.1340,2316.53481728,76.6000,0.012745,0.050000
2204,-20748.1314,2702.10412407,77.3000,0.012720,0.050000
2205,-18286.2002,3107.67047429,80.3000,0.012429,0.050000
2206,-20530.5952,2356.01563601,77.6000,0.012841,0.050000
2207,-18232.0353,2334.56460332,80.4000,0.012561,0.050000
2208,-18279.4217,2630.80626810,80.3000,0.012391,0.050000
2209,-20052.0294,2900.04702433,78.2000,0.012885,0.050000
2210,-18918.6999,3038.33250384,79.6000,0.012750,0.050000
2211,-20143.3417,2675.63005031,78.1000,0.012908,0.050000
2212,-20084.9302,2445.22769504,78.1000,0.012635,0.050000
2213,-19490.4075,1457.78495036,78.9000,0.012855,0.050000
2214,-20194.4261,2974.81498907,78.0000,0.012808,0.050000
2215,-20338.4411,3050.24896036,77.8000,0.012673,0.050000
2216,-20174.8582,2640.28483604,78.0000,0.012665,0.050000
2217,-20525.9342,2825.66129416,77.6000,0.012810,0.050000
2218,-18957.1817,3419.31650137,79.5000,0.012596,0.050000
2219,-19328.6606,2881.68978790,79.0000,0.012421,0.050000
2220,-19857.6381,2505.97435893,78.4000,0.012672,0.050000
2221,-20500.6963,3214.95751503,77.5000,0.012285,0.050000
2222,-20218.2982,2669.71038199,77.9000,0.012483,0.050000
2223,-18669.0569,2904.52935372,79.8000,0.012358,0.050000
2224,-21534.4846,2083.66381859,76.3000,0.012627,0.050000
2225,-21399.5707,3098.44842408,76.5000,0.012811,0.050000
2226,-18953.2002,3244.60341788,79.5000,0.012572,0.050000
2227,-20859.5907,3083.90591486,77.2000,0.012851,0.050000
2228,-19688.7962,2815.07208498,78.6000,0.012654,0.050000
2229,-21471.6961,2769.75115588,76.4000,0.012785,0.050000
2230,-20638.5788,2445.66667567,77.4000,0.012639,0.050000
2231,-19075.8321,3105.34024315,79.4000,0.012806,0.050000
2232,-19280.1710,2865.77874505,79.1000,0.012609,0.050000
2233,-19685.5846,2457.41174502,78.6000,0.012629,0.050000
2234,-20785.8921,3574.43973737,77.2000,0.012521,0.050000
2235,-19948.5023,2667.44705686,78.3000,0.012751,0.050000
2236,-20785.3777,2413.44492034,77.4000,0.013336,0.050000
2237,-20237.8471,2912.81460083,77.9000,0.012589,0.050000
2238,-18246.0043,3224.72931800,80.4000,0.012640,0.050000
2239,-21128.6008,2019.92840920,76.9000,0.013035,0.050000
2240,-21305.2982,3337.64828527,76.6000,0.012696,0.050000
2241,-20166.6359,2565.44624175,78.0000,0.012630,0.050000
2242,-21172.9758,2209.43430269,76.7000,0.012431,0.050000
2243,-18037.9215,2552.72678975,80.6000,0.012391,0.050000
2244,-19958.4294,2657.95066454,78.3000,0.012762,0.050000
2245,-21529.4963,3424.50807187,76.3000,0.012682,0.050000
2246,-21150.7923,3137.85689203,76.8000,0.012725,0.050000
2247,-19267.4223,2010.74366016,79.2000,0.012899,0.050000
2248,-19905.5178,3097.45600595,78.3000,0.012522,0.050000
2249,-20345.6444,3191.25543915,77.8000,0.012720,0.050000
2250,-20925.1380,2550.64275776,77.0000,0.012447,0.050000
2251,-20180.5458,2892.68880578,78.0000,0.012708,0.050000
2252,-19548.1067,2545.56777113,78.7000,0.012380,0.050000
2253,-20111.7237,2836.53892271,78.1000,0.012786,0.050000
2254,-18994.0585,3701.37367643,79.4000,0.012355,0.050000
2255,-20161.1610,1918.72069772,78.1000,0.012969,0.050000
2256,-20506.3087,2771.46097281,77.7000,0.013144,0.050000
2257,-20014.0030,3203.05343601,78.2000,0.012617,0.050000
2258,-21284.7151,1911.71579391,76.7000,0.013019,0.050000
2259,-20619.0207,2577.06985156,77.4000,0.012529,0.050000
2260,-21809.2764,2749.95395482,76.0000,0.012853,0.050000
2261,-21759.2826,2774.40577947,76.1000,0.013032,0.050000
2262,-21724.6066,3470.45988976,76.1000,0.012800,0.050000
2263,-19735.2790,2223.76613697,78.6000,0.012835,0.050000
2264,-19842.2149,2914.79414903,78.4000,0.012610,0.050000
2265,-19550.1186,2580.94232802,78.7000,0.012386,0.050000
2266,-19585.5119,2801.23766855,78.8000,0.012915,0.050000
2267,-19659.3736,3357.50287406,78.7000,0.012888,0.050000
2268,-19578.4600,2902.59312048,78.7000,0.012483,0.050000
2269,-20485.1560,3474.32019093,77.6000,0.012648,0.050000
2270,-19448.4124,2134.00757962,79.0000,0.013044,0.050000
2271,-21894.0298,3124.35677629,75.9000,0.012870,0.050000
2272,-18504.6007,3045.56116618,80.1000,0.012783,0.050000
2273,-20322.0055,2671.19588836,77.8000,0.012617,0.050000
2274,-18726.3625,3157.39699540,79.8000,0.012589,0.050000
2275,-20786.1899,3264.60184932,77.2000,0.012537,0.050000
2276,-19807.7912,2592.92832632,78.4000,0.012455,0.050000
2277,-20383.4758,2391.39396684,77.7000,0.012518,0.050000
2278,-19763.9441,2960.49274599,78.5000,0.012626,0.050000
2279,-21232.3128,2733.85629656,76.7000,0.012777,0.050000
2280,-20165.9688,2603.26882854,78.0000,0.012648,0.050000
2281,-18799.1686,2784.10595181,79.7000,0.012545,0.050000
2282,-19895.6295,3271.97161812,78.3000,0.012474,0.050000
2283,-19948.5065,3504.37312235,78.3000,0.012737,0.050000
2284,-19298.2781,2383.83965923,79.1000,0.012729,0.050000
2285,-21284.2073,2688.56061984,76.7000,0.012985,0.050000
2286,-20258.2777,3045.94780246,77.8000,0.012284,0.050000
2287,-18173.1500,2691.00099206,80.5000,0.012627,0.050000
2288,-19594.4872,3033.19575305,78.7000,0.012545,0.050000
2289,-20858.9302,2607.06397814,77.2000,0.012917,0.050000
2290,-19626.6994,2778.73249894,78.7000,0.012750,0.050000
2291,-17383.4917,3032.06893008,81.4000,0.012293,0.050000
2292,-20658.6632,3199.10453189,77.4000,0.012693,0.050000
2293,-17986.2705,2979.21790386,80.7000,0.012520,0.050000
2294,-21785.7380,2345.44560818,76.1000,0.013149,0.050000
2295,-19957.7734,3162.60251939,78.2000,0.012391,0.050000
2296,-19888.9243,3315.41291080,78.5000,0.013230,0.050000
2297,-20738.5030,2923.98469014,77.3000,0.012713,0.050000
2298,-19458.0832,2831.31889403,78.8000,0.012316,0.050000
2299,-19627.7281,3015.66058601,78.7000,0.012752,0.050000
2300,-20376.2210,2799.38659803,77.7000,0.012447,0.050000
2301,-20991.9984,3041.99138259,76.9000,0.012385,0.050000
2302,-19227.9493,2189.24447280,79.2000,0.012762,0.050000
2303,-20608.9156,2590.54055342,77.4000,0.012448,0.050000
2304,-19655.5744,2483.74465579,78.6000,0.012426,0.050000
2305,-20139.1486,2141.45051496,77.9000,0.012091,0.050000
2306,-19103.5709,1945.24164430,79.3000,0.012501,0.050000
2307,-18052.7110,3241.02483807,80.6000,0.012401,0.050000
2308,-21327.0798,2678.41793010,76.6000,0.012829,0.050000
2309,-20097.0616,2774.70017872,78.1000,0.012680,0.050000
2310,-19535.1624,2828.63785931,78.9000,0.013065,0.050000
2311,-20204.4126,2462.82144063,78.0000,0.012792,0.050000
2312,-19893.9560,2587.33299563,78.3000,0.012455,0.050000
2313,-20071.3134,2017.91471993,78.1000,0.012540,0.050000
2314,-19793.5066,2895.10018451,78.5000,0.012749,0.050000
2315,-20128.9434,3032.35958911,77.9000,0.012020,0.050000
2316,-20846.4160,3904.26422611,77.2000,0.012838,0.050000
2317,-20908.0984,2901.83830658,77.0000,0.012364,0.050000
2318,-21168.9885,2827.07444856,76.7000,0.012389,0.050000
2319,-21641.7369,2995.62318167,76.2000,0.012789,0.050000
2320,-19038.7479,1937.31111160,79.4000,0.012547,0.050000
2321,-19412.5594,2135.59504832,78.9000,0.012457,0.050000
2322,-20380.4285,2261.51616298,77.8000,0.012914,0.050000
2323,-19633.9423,2730.12876300,78.6000,0.012362,0.050000
2324,-20226.6869,2062.74056863,77.9000,0.012529,0.050000
2325,-19444.7678,2601.19262885,79.0000,0.013010,0.050000
2326,-20534.5759,2806.66628002,77.6000,0.012838,0.050000
2327,-19973.8700,2608.58781432,78.3000,0.012855,0.050000
2328,-20427.8776,2679.06213452,77.7000,0.012704,0.050000
2329,-22564.3382,2959.88906530,75.1000,0.013000,0.050000
2330,-19325.5111,3041.95502422,79.0000,0.012410,0.050000
2331,-19306.5291,3047.02222117,79.0000,0.012318,0.050000
2332,-20260.2421,2488.22374741,77.8000,0.012252,0.050000
2333,-17852.0376,2664.10693707,80.9000,0.012604,0.050000
2334,-23332.6474,2592.19156855,74.2000,0.013254,0.050000
2335,-19836.5075,3033.56446568,78.4000,0.012555,0.050000
2336,-19644.3102,3035.54585400,78.7000,0.012817,0.050000
2337,-20462.2319,2933.08159153,77.7000,0.012865,0.050000
2338,-19621.1255,2368.22038884,78.7000,0.012709,0.050000
2339,-18573.2394,2837.38005685,80.0000,0.012664,0.050000
2340,-18193.7619,3043.07235005,80.5000,0.012757,0.050000
2341,-19070.2699,2723.71553424,79.3000,0.012353,0.050000
2342,-19918.9632,2718.91888679,78.3000,0.012616,0.050000
2343,-19755.9772,3645.43477531,78.5000,0.012568,0.050000
2344,-20033.1602,3151.45455029,78.1000,0.012353,0.050000
2345,-20046.4572,2490.30491872,78.2000,0.012807,0.050000
2346,-21534.4074,3411.89326482,76.4000,0.013104,0.050000
2347,-21159.6120,2470.53687299,76.8000,0.012754,0.050000
2348,-19153.3957,2830.70782038,79.2000,0.012337,0.050000
2349,-20283.0925,2041.69983563,77.9000,0.012791,0.050000
2350,-19322.5512,2261.02921748,79.1000,0.012806,0.050000
2351,-20437.3789,4145.91694040,77.6000,0.012392,0.050000
2352,-20129.6591,2383.79105359,78.0000,0.012452,0.050000
2353,-19835.8685,3353.78915859,78.5000,0.012947,0.050000
2354,-22607.0794,3584.34787784,75.0000,0.012821,0.050000
2355,-19482.5384,2889.07256045,78.9000,0.012767,0.050000
2356,-20497.7575,2599.25530106,77.6000,0.012678,0.050000
2357,-21220.4480,3528.07320429,76.7000,0.012685,0.050000
2358,-18669.3581,4247.88153706,79.9000,0.012758,0.050000
2359,-19182.9996,3245.72181534,79.2000,0.012514,0.050000
2360,-20972.8225,3902.46612049,77.0000,0.012636,0.050000
2361,-19630.8024,2731.78620961,78.6000,0.012355,0.050000
2362,-21920.1262,2854.11859334,75.9000,0.013014,0.050000
2363,-21377.8034,2382.33575293,76.6000,0.013069,0.050000
2364,-20366.0216,3286.34512371,77.7000,0.012456,0.050000
2365,-17903.2138,3505.34675188,80.8000,0.012477,0.050000
2366,-21361.4229,2062.45991495,76.5000,0.012579,0.050000
2367,-18543.6800,3003.33235224,80.1000,0.012865,0.050000
2368,-20820.7522,2914.27923927,77.3000,0.013075,0.050000
2369,-19261.3454,3813.66515903,79.2000,0.012921,0.050000
2370,-20524.1910,1906.20810088,77.6000,0.012836,0.050000
2371,-19670.5800,3139.34033178,78.6000,0.012508,0.050000
2372,-19916.9088,2575.55786858,78.4000,0.012957,0.050000
2373,-17637.6791,3338.02770751,81.1000,0.012372,0.050000
2374,-20084.6720,2702.29385277,78.1000,0.012592,0.050000
2375,-19874.8539,2495.94440163,78.4000,0.012733,0.050000
2376,-20252.6543,2343.78114651,77.9000,0.012604,0.050000
2377,-22865.9832,2377.47441652,74.8000,0.013296,0.050000
2378,-19487.9694,3579.83543575,78.8000,0.012435,0.050000
2379,-20184.8584,2803.98285428,77.9000,0.012281,0.050000
2380,-19271.7869,2773.85207843,79.1000,0.012563,0.050000
2381,-21628.1471,2823.20496656,76.2000,0.012714,0.050000
2382,-21521.4020,2932.85222687,76.3000,0.012597,0.050000
2383,-18488.8000,1684.43145150,80.1000,0.012641,0.050000
2384,-21090.6009,3492.59440342,76.8000,0.012430,0.050000
2385,-22259.9247,2715.48796735,75.5000,0.013114,0.050000
2386,-19517.9478,2791.57716101,78.8000,0.012569,0.050000
2387,-20746.8330,3215.19165731,77.2000,0.012322,0.050000
2388,-22032.4896,2309.39335246,75.7000,0.012782,0.050000
2389,-21138.1748,2359.28465167,76.8000,0.012660,0.050000
2390,-19411.0924,3057.55802039,79.0000,0.012833,0.050000
2391,-21174.2457,2023.78692595,76.7000,0.012458,0.050000
2392,-19516.3414,3026.11843335,78.8000,0.012557,0.050000
2393,-20276.4505,2669.63159578,77.8000,0.012385,0.050000
2394,-20478.0095,3011.91440970,77.7000,0.013006,0.050000
2395,-19945.1090,3383.19342678,78.3000,0.012702,0.050000
2396,-20059.0040,3020.21544087,78.2000,0.012885,0.050000
2397,-20203.8904,3153.41985847,77.9000,0.012425,0.050000
2398,-20822.1558,2871.59679988,77.3000,0.013101,0.050000
2399,-20685.8032,2445.08224987,77.4000,0.012817,0.050000
2400,-20416.9772,3392.82793924,77.7000,0.012699,0.050000
2401,-20152.6586,3654.11316952,78.0000,0.012584,0.050000
2402,-18440.0768,2727.05730382,80.0000,0.012022,0.050000
2403,-21234.7266,2933.29071731,76.7000,0.012765,0.050000
2404,-19101.8591,2853.38711739,79.3000,0.012495,0.050000
2405,-17974.8618,2518.64284471,80.7000,0.012432,0.050000
2406,-19251.7021,2398.17142018,79.1000,0.012467,0.050000
2407,-21037.6381,2190.08396981,77.0000,0.012980,0.050000
2408,-20189.7909,2391.48710736,78.0000,0.012759,0.050000
2409,-20498.7147,2484.86273278,77.6000,0.012714,0.050000
2410,-20326.7614,2075.78956062,77.8000,0.012646,0.050000
2411,-19623.6308,2683.90491574,78.7000,0.012683,0.050000
2412,-19956.5665,3145.46201222,78.3000,0.012753,0.050000
2413,-21041.3148,2484.30778622,77.0000,0.012959,0.050000
2414,-21182.3568,2247.74250140,76.8000,0.012931,0.050000
2415,-21460.5181,3644.12921580,76.4000,0.012693,0.050000
2416,-20202.3587,3082.97240975,78.0000,0.012789,0.050000
2417,-19826.8988,2954.18706405,78.4000,0.012528,0.050000
2418,-20451.2140,2864.35695843,77.6000,0.012485,0.050000
2419,-19486.6682,2376.41817783,78.9000,0.012839,0.050000
2420,-21392.4747,2513.50906938,76.5000,0.012769,0.050000
2421,-19918.5789,2699.46521554,78.4000,0.012959,0.050000
2422,-19235.5121,3988.22966897,79.1000,0.012374,0.050000
2423,-19410.7962,2867.36560425,78.9000,0.012482,0.050000
2424,-21161.2581,2738.33690747,76.8000,0.012812,0.050000
2425,-19213.2633,3466.99420026,79.2000,0.012639,0.050000
2426,-21479.0606,2073.20289993,76.4000,0.012761,0.050000
2427,-21252.2126,3076.55488518,76.7000,0.012808,0.050000
2428,-19592.1840,3078.74129162,78.7000,0.012547,0.050000
2429,-19083.5510,3188.81976621,79.4000,0.012814,0.050000
2430,-19627.8991,2878.49159942,78.6000,0.012325,0.050000
2431,-19295.2790,2424.13944465,79.1000,0.012609,0.050000
2432,-20416.9378,3083.46477028,77.7000,0.012638,0.050000
2433,-19890.3862,3301.20471259,78.4000,0.012834,0.050000
2434,-19518.0872,2396.11003906,78.8000,0.012552,0.050000
2435,-19393.2874,2780.35123832,79.0000,0.012757,0.050000
2436,-21119.4013,2385.09909021,76.9000,0.012986,0.050000
2437,-18787.4255,2561.96062303,79.7000,0.012521,0.050000
2438,-20498.8682,2831.42661035,77.6000,0.012666,0.050000
2439,-19173.5337,3285.73192032,79.2000,0.012492,0.050000
2440,-20301.5382,3438.02454600,77.9000,0.012903,0.050000
2441,-19918.5562,2720.86993307,78.3000,0.012577,0.050000
2442,-20127.7533,2963.93698533,78.1000,0.012803,0.050000
2443,-20644.7795,2869.44072266,77.4000,0.012588,0.050000
2444,-20100.6936,2185.45005521,78.1000,0.012648,0.050000
2445,-20265.5113,2405.42393380,77.9000,0.012712,0.050000
2446,-21089.8496,3288.67994773,76.9000,0.012830,0.050000
2447,-19771.8289,2598.46578671,78.5000,0.012604,0.050000
2448,-19179.3911,2496.60646892,79.2000,0.012475,0.050000
2449,-19259.9320,3037.64504315,79.1000,0.012470,0.050000
2450,-21077.6838,2522.27304458,76.9000,0.012764,0.050000
2451,-19958.1201,2983.54189396,78.2000,0.012414,0.050000
2452,-19770.1430,2397.58297378,78.5000,0.012676,0.050000
2453,-21549.9566,2729.33031681,76.3000,0.012772,0.050000
2454,-19496.1485,2605.86807240,78.8000,0.012502,0.050000
2455,-20538.1232,2836.58350956,77.6000,0.012859,0.050000
2456,-20403.7258,3280.00112794,77.7000,0.012624,0.050000
2457,-18591.9212,3653.97703514,80.0000,0.012797,0.050000
2458,-20141.8477,2708.63387740,78.0000,0.012520,0.050000
2459,-20328.6700,2365.67534466,77.8000,0.012669,0.050000
2460,-19664.1094,3461.59409618,78.6000,0.012552,0.050000
2461,-20581.6623,2622.72615631,77.5000,0.012720,0.050000
2462,-19075.0264,2831.93935148,79.4000,0.012784,0.050000
2463,-18768.3755,2746.80054478,79.7000,0.012465,0.050000
2464,-18915.7995,3791.24216884,79.5000,0.012379,0.050000
2465,-18756.7502,3422.62656142,79.7000,0.012336,0.050000
2466,-19436.8881,2831.55882069,78.9000,0.012555,0.050000
2467,-21129.9925,3100.71023068,76.8000,0.012635,0.050000
2468,-20928.3608,2736.94116016,77.1000,0.012870,0.050000
2469,-20965.1081,2855.40910188,77.0000,0.012637,0.050000
2470,-18216.7229,2736.11013050,80.5000,0.012894,0.050000
2471,-19870.1733,2860.47580465,78.4000,0.012758,0.050000
2472,-18000.6582,2918.12909757,80.6000,0.012234,0.050000
2473,-20697.5005,3647.83394436,77.3000,0.012481,0.050000
2474,-21773.2566,2722.35523902,76.0000,0.012688,0.050000
2475,-21722.4648,2486.29118149,76.1000,0.012830,0.050000
2476,-18744.7174,2957.31484504,79.8000,0.012733,0.050000
2477,-20267.7018,2711.86071714,77.9000,0.012726,0.050000
2478,-19275.3210,3185.54660064,79.0000,0.012201,0.050000
2479,-21359.0182,3218.68620392,76.5000,0.012635,0.050000
2480,-18348.0361,4003.71475366,80.2000,0.012333,0.050000
2481,-19279.9718,2636.08019887,79.1000,0.012607,0.050000
2482,-20634.5725,3395.56709760,77.5000,0.012997,0.050000
2483,-19833.9217,2312.46485925,78.3000,0.012217,0.050000
2484,-20901.1508,2740.52408737,77.1000,0.012720,0.050000
2485,-20000.6399,2781.59575101,78.2000,0.012587,0.050000
2486,-20484.5644,3084.88958990,77.6000,0.012630,0.050000
2487,-19968.6336,2797.12479187,78.3000,0.012837,0.050000
2488,-21160.4020,2924.84985263,76.7000,0.012429,0.050000
2489,-21555.6612,2213.55319474,76.3000,0.012792,0.050000
2490,-20569.1452,2396.25737391,77.5000,0.012598,0.050000
2491,-19955.3472,3329.06264940,78.3000,0.012785,0.050000
2492,-20403.3091,1964.55331656,77.7000,0.012601,0.050000
2493,-21019.6255,3877.90080743,77.0000,0.012877,0.050000
2494,-21256.4987,2711.74623974,76.6000,0.012483,0.050000
2495,-20415.9621,2402.82227449,77.7000,0.012714,0.050000
2496,-20057.3060,2859.58677552,78.1000,0.012465,0.050000
2497,-19871.7352,3819.06754213,78.3000,0.012377,0.050000
2498,-18954.0328,2702.34626234,79.5000,0.012562,0.050000
2499,-20004.4706,3236.97917054,78.2000,0.012633,0.050000
2500,-17936.5749,2268.88225898,80.7000,0.012254,0.050000
2501,-20404.6992,3178.74954409,77.7000,0.012627,0.050000
2502,-18438.3451,2051.33055015,80.2000,0.012770,0.050000
2503,-19831.0498,2268.31517959,78.5000,0.012917,0.050000
2504,-22237.6566,3398.43930791,75.4000,0.012592,0.050000
2505,-18014.8680,2953.03620124,80.6000,0.012258,0.050000
2506,-19462.4747,2621.39034991,78.8000,0.012283,0.050000
2507,-20436.2597,2836.69482754,77.7000,0.012788,0.050000
2508,-19320.5674,2754.43763058,79.0000,0.012421,0.050000
2509,-19583.1196,2482.85930408,78.7000,0.012531,0.050000
2510,-18610.2787,2626.75114429,79.9000,0.012454,0.050000
2511,-18321.4490,3474.31171784,80.3000,0.012599,0.050000
2512,-19475.9216,2612.82470924,78.8000,0.012358,0.050000
2513,-19988.0320,2464.59314317,78.2000,0.012504,0.050000
2514,-20908.2567,2731.75674453,77.1000,0.012733,0.050000
2515,-19174.0806,3181.49364071,79.2000,0.012436,0.050000
2516,-19788.5561,2479.50316379,78.4000,0.012358,0.050000
2517,-19763.3963,2349.79527103,78.5000,0.012586,0.050000
2518,-19435.7400,1935.83259970,79.0000,0.012975,0.050000
2519,-20776.0518,2520.47612921,77.2000,0.012463,0.050000
2520,-17936.7231,3171.81544845,80.6000,0.011851,0.050000
2521,-17664.5229,2469.22088702,81.2000,0.012841,0.050000
2522,-20788.8849,2051.86279796,77.2000,0.012520,0.050000
2523,-19852.2581,2846.79538708,78.5000,0.013038,0.050000
2524,-19985.5520,2766.39832257,78.2000,0.012486,0.050000
2525,-20543.5484,2604.47237677,77.5000,0.012455,0.050000
2526,-21222.7243,3869.11203979,76.7000,0.012678,0.050000
2527,-20875.5667,2615.88955410,77.2000,0.012950,0.050000
2528,-20780.3375,2480.92871381,77.3000,0.012860,0.050000
2529,-18386.4459,2717.86089207,80.2000,0.012497,0.050000
2530,-20902.9480,3274.47884003,77.0000,0.012304,0.050000
2531,-20891.5056,2917.39516806,77.2000,0.013008,0.050000
2532,-19349.6039,2728.89822218,79.1000,0.012901,0.050000
2533,-19846.8364,2476.81222683,78.5000,0.013021,0.050000
2534,-19150.2138,3173.22366311,79.2000,0.012324,0.050000
2535,-20009.1845,2458.60357828,78.2000,0.012614,0.050000
2536,-19736.5511,4346.70365739,78.5000,0.012497,0.050000
2537,-20424.6699,2211.22909993,77.7000,0.012702,0.050000
2538,-20111.5899,3828.56867535,78.1000,0.012741,0.050000
2539,-17105.1142,3360.28326475,81.8000,0.012495,0.050000
2540,-21347.1460,3025.74543981,76.6000,0.012910,0.050000
2541,-19990.5781,1682.17021025,78.2000,0.012540,0.050000
2542,-20513.5769,3129.13253809,77.5000,0.012347,0.050000
2543,-19166.4085,2338.40629485,79.3000,0.012808,0.050000
2544,-20100.8161,1981.69421141,78.0000,0.012288,0.050000
2545,-20386.1340,2686.30810729,77.8000,0.012941,0.050000
2546,-20246.0480,3146.26210683,78.0000,0.012981,0.050000
2547,-19551.8926,2783.77919037,78.8000,0.012723,0.050000
2548,-21485.2473,2889.34760887,76.4000,0.012789,0.050000
2549,-20380.0117,3354.01518316,77.7000,0.012470,0.050000
2550,-20044.6806,2594.80373980,78.2000,0.012777,0.050000
2551,-20936.1234,2488.65196980,77.1000,0.012858,0.050000
2552,-19852.6727,3105.98282982,78.4000,0.012625,0.050000
2553,-18510.2043,2160.15832760,80.0000,0.012301,0.050000
2554,-19955.3565,1900.53815614,78.3000,0.012751,0.050000
2555,-19171.6576,2889.30094650,79.3000,0.012797,0.050000
2556,-20511.2633,3254.66657596,77.5000,0.012350,0.050000
2557,-19902.0923,2923.03103760,78.4000,0.012852,0.050000
2558,-20225.0026,2223.57013408,77.9000,0.012507,0.050000
2559,-20499.4230,3592.98774626,77.7000,0.013079,0.050000
2560,-20453.8562,3025.86957147,77.7000,0.012834,0.050000
2561,-20036.7621,2507.74449538,78.2000,0.012749,0.050000
2562,-20149.8415,3420.84742274,78.1000,0.012902,0.050000
2563,-21037.7538,2729.16860231,77.0000,0.012979,0.050000
2564,-20147.6579,2854.29579965,78.1000,0.012956,0.050000
2565,-20127.1901,2939.56597146,78.1000,0.012831,0.050000
2566,-19643.7136,2400.48261908,78.6000,0.012413,0.050000
2567,-20937.9195,2613.54863963,77.1000,0.012903,0.050000
2568,-20861.9026,3053.91984798,77.2000,0.012889,0.050000
2569,-18678.3402,2390.70616582,79.9000,0.012747,0.050000
2570,-20434.9233,2466.08713858,77.7000,0.012738,0.050000
2571,-20134.1149,3144.73654507,78.0000,0.012445,0.050000
2572,-20157.6993,2614.83968195,78.1000,0.012965,0.050000
2573,-19496.9156,2595.83275622,78.8000,0.012438,0.050000
2574,-18791.7802,2600.73977895,79.6000,0.012121,0.050000
2575,-20650.6994,2980.14282685,77.5000,0.013049,0.050000
2576,-20424.1703,2519.15865324,77.7000,0.012718,0.050000
2577,-21535.8997,2274.11175781,76.3000,0.012668,0.050000
2578,-20157.6712,2249.03510643,78.1000,0.012955,0.050000
2579,-19923.1051,2415.32452347,78.3000,0.012569,0.050000
2580,-22296.0023,3406.94544074,75.4000,0.012849,0.050000
2581,-19517.7996,3767.42319443,78.7000,0.012198,0.050000
2582,-21236.6986,3291.58938425,76.7000,0.012728,0.050000
2583,-18376.1338,2584.93342711,80.2000,0.012416,0.050000
2584,-20438.7857,3568.62361311,77.7000,0.012796,0.050000
2585,-19030.8560,2307.62572752,79.4000,0.012540,0.050000
2586,-20758.9364,2936.99085123,77.3000,0.012789,0.050000
2587,-18888.4574,2836.85788020,79.6000,0.012639,0.050000
2588,-19493.7431,2170.49502768,78.9000,0.012900,0.050000
2589,-22311.0390,2526.35219331,75.4000,0.012976,0.050000
2590,-17875.3474,3111.68312833,80.8000,0.012339,0.050000
2591,-21166.6060,3202.06105138,76.8000,0.012792,0.050000
2592,-19976.4134,1983.07881664,78.2000,0.012464,0.050000
2593,-19896.4676,3223.77114631,78.4000,0.012839,0.050000
2594,-20971.2069,2983.78710740,77.0000,0.012657,0.050000
2595,-20672.2477,2680.08913630,77.4000,0.012764,0.050000
2596,-20033.2240,2653.80030487,78.2000,0.012751,0.050000
2597,-18629.7557,3108.63061904,79.9000,0.012535,0.050000
2598,-22213.5148,2906.09275964,75.5000,0.012879,0.050000
2599,-20851.3474,2274.66464621,77.1000,0.012459,0.050000
2600,-20421.1003,2984.15346252,77.7000,0.012671,0.050000
2601,-18742.7850,2289.07194825,79.8000,0.012682,0.050000
2602,-20662.4890,3205.66062603,77.5000,0.013067,0.050000
2603,-22557.0089,3108.55937063,75.1000,0.012969,0.050000
2604,-17887.1335,3122.92978515,80.8000,0.012416,0.050000
2605,-21373.1143,3475.60828254,76.5000,0.012671,0.050000
2606,-18312.1007,3010.64332574,80.3000,0.012570,0.050000
2607,-17660.8158,3217.25070237,81.1000,0.012498,0.050000
2608,-19865.0979,2534.33363909,78.4000,0.012683,0.050000
2609,-20534.3713,2190.62130028,77.6000,0.012896,0.050000
2610,-20503.3969,2773.35904709,77.6000,0.012721,0.050000
2611,-20223.5358,2758.74083744,78.0000,0.012915,0.050000
2612,-21223.5286,3077.57340366,76.6000,0.012326,0.050000
2613,-19140.2492,3101.64264130,79.3000,0.012684,0.050000
2614,-18986.2557,2378.45781897,79.4000,0.012321,0.050000
2615,-18842.2913,2901.17266183,79.6000,0.012401,0.050000
2616,-20646.6545,3413.88945858,77.5000,0.013016,0.050000
2617,-19584.6193,2189.90066374,78.8000,0.012883,0.050000
2618,-20805.0195,2282.00153379,77.1000,0.012231,0.050000
2619,-21295.2367,2542.06062805,76.6000,0.012668,0.050000
2620,-20230.7303,2870.40969489,77.9000,0.012517,0.050000
2621,-20146.2628,2754.82722916,78.1000,0.012891,0.050000
2622,-20891.3160,2428.87829069,77.1000,0.012664,0.050000
2623,-20320.8718,3549.04552719,77.8000,0.012605,0.050000
2624,-21683.1367,2604.51632861,76.2000,0.013018,0.050000
2625,-21806.1844,2963.23076698,76.0000,0.012823,0.050000
2626,-21263.7521,2983.55088444,76.7000,0.012907,0.050000
2627,-18241.7803,2991.48730255,80.4000,0.012609,0.050000
2628,-20018.6311,2309.38173351,78.2000,0.012668,0.050000
2629,-18341.1202,3108.79749295,80.3000,0.012707,0.050000
2630,-20074.9101,2431.21009273,78.1000,0.012554,0.050000
2631,-21546.0258,2166.35087894,76.3000,0.012765,0.050000
2632,-18221.3757,2438.49613732,80.4000,0.012491,0.050000
2633,-19035.3247,3119.10442562,79.4000,0.012581,0.050000
2634,-21358.1278,3342.21553531,76.5000,0.012588,0.050000
2635,-20615.1348,2764.29383579,77.4000,0.012419,0.050000
2636,-19283.5452,2737.77696613,79.1000,0.012636,0.050000
2637,-21477.1020,3466.59230553,76.3000,0.012374,0.050000
2638,-19377.9549,3702.63591690,79.1000,0.013054,0.050000
2639,-22347.0028,3299.13216983,75.3000,0.012703,0.050000
2640,-17700.4098,3085.70868866,81.0000,0.012280,0.050000
2641,-18171.8824,3094.05994996,80.5000,0.012612,0.050000
2642,-20380.3382,2432.75595487,77.8000,0.012851,0.050000
2643,-18452.7507,2403.48103790,80.2000,0.012851,0.050000
2644,-20148.6461,2729.26158421,78.1000,0.012939,0.050000
2645,-18383.3778,2636.32110236,80.2000,0.012487,0.050000
2646,-19616.2697,2794.68053300,78.7000,0.012623,0.050000
2647,-19716.2053,3201.16554610,78.6000,0.012774,0.050000
2648,-20124.4831,3312.97391570,78.0000,0.012432,0.050000
2649,-19793.9250,2391.58158870,78.5000,0.012752,0.050000
2650,-17815.2277,2660.45903881,80.8000,0.012084,0.050000
2651,-21987.7100,2147.98118562,75.9000,0.013350,0.050000
2652,-20040.3326,3098.86388382,78.2000,0.012737,0.050000
2653,-20321.5172,3310.10402705,77.9000,0.013010,0.050000
2654,-21313.8391,3342.87367975,76.6000,0.012786,0.050000
2655,-19656.4664,2984.70679457,78.6000,0.012509,0.050000
2656,-19139.4246,2510.28548195,79.3000,0.012701,0.050000
2657,-17664.8037,3089.32311462,81.1000,0.012532,0.050000
2658,-20066.4095,2885.77663414,78.1000,0.012542,0.050000
2659,-17881.1049,2873.43446936,80.8000,0.012407,0.050000
2660,-19444.1682,2537.83781348,78.9000,0.012622,0.050000
2661,-19494.3824,2617.70494995,78.8000,0.012476,0.050000
2662,-19211.5095,3062.30319444,79.2000,0.012657,0.050000
2663,-19590.7721,2190.46005202,78.8000,0.012929,0.050000
2664,-21348.0303,2985.35024119,76.6000,0.012928,0.050000
2665,-20487.2943,3098.13275346,77.6000,0.012614,0.050000
2666,-20729.7206,2730.24143474,77.3000,0.012619,0.050000
2667,-19451.0352,1956.99898033,78.9000,0.012662,0.050000
2668,-20926.3507,2595.70100723,77.0000,0.012441,0.050000
2669,-20784.6489,2718.95273858,77.2000,0.012521,0.050000
2670,-21139.5225,2867.52251342,76.8000,0.012730,0.050000
2671,-20046.5652,2510.37371658,78.1000,0.012430,0.050000
2672,-20557.2904,2941.02952484,77.5000,0.012631,0.050000
2673,-18591.4191,2971.41820523,80.0000,0.012785,0.050000
2674,-20225.5946,2564.12490989,77.9000,0.012502,0.050000
2675,-20725.2093,2977.16664680,77.3000,0.012616,0.050000
2676,-20906.6717,3667.69222355,77.1000,0.012737,0.050000
2677,-21637.4603,2431.38376919,76.2000,0.012743,0.050000
2678,-18963.1034,2502.92876851,79.4000,0.012227,0.050000
2679,-21113.4373,3913.90043181,76.9000,0.013006,0.050000
2680,-20419.7972,2548.66128195,77.7000,0.012715,0.050000
2681,-19747.7881,3185.48985221,78.6000,0.012890,0.050000
2682,-20142.2684,2174.73028295,78.0000,0.012503,0.050000
2683,-20403.4628,3520.06824301,77.7000,0.012604,0.050000
2684,-20027.4645,3288.34042850,78.2000,0.012704,0.050000
2685,-20238.5288,2012.65279836,77.9000,0.012583,0.050000
2686,-19795.3553,2987.48914900,78.4000,0.012398,0.050000
2687,-20561.4025,2750.25323182,77.5000,0.012587,0.050000
2688,-20852.6285,2837.69736612,77.2000,0.012920,0.050000
2689,-21840.9205,3757.86366124,75.9000,0.012620,0.050000
2690,-18463.4132,3173.80545094,80.2000,0.012925,0.050000
2691,-19823.7185,2171.21559872,78.4000,0.012542,0.050000
2692,-18339.0496,2498.62056941,80.2000,0.012307,0.050000
2693,-19918.5892,2654.78029698,78.3000,0.012592,0.050000
2694,-20737.3894,3349.16037878,77.3000,0.012663,0.050000
2695,-19605.0084,3195.81435250,78.7000,0.012560,0.050000
2696,-21751.6915,2071.95692148,76.0000,0.012538,0.050000
2697,-19068.9820,3330.61080862,79.3000,0.012360,0.050000
2698,-21152.9025,2627.96355604,76.8000,0.012733,0.050000
2699,-22489.4693,2542.63692140,75.2000,0.013020,0.050000
2700,-19202.4966,2667.03588421,79.2000,0.012640,0.050000
2701,-20486.2934,1998.90522182,77.6000,0.012611,0.050000
2702,-18819.0018,3579.70445283,79.7000,0.012651,0.050000
2703,-20312.2538,3077.76660434,77.8000,0.012540,0.050000
2704,-17763.2217,2645.63799395,81.0000,0.012577,0.050000
2705,-20794.0513,3138.20168858,77.2000,0.012552,0.050000
2706,-20744.3605,2656.00630595,77.2000,0.012314,0.050000
2707,-20227.5595,2295.16165932,77.9000,0.012483,0.050000
2708,-19930.6197,2743.00686795,78.3000,0.012641,0.050000
2709,-21350.4903,2749.74573326,76.6000,0.012895,0.050000
2710,-19457.5022,3740.22789615,78.8000,0.012243,0.050000
2711,-21092.9334,2420.05142109,76.9000,0.012834,0.050000
2712,-20123.1773,2648.41580863,78.0000,0.012361,0.050000
2713,-20760.5221,2429.39986829,77.2000,0.012362,0.050000
2714,-19121.9212,2301.94512016,79.3000,0.012561,0.050000
2715,-19030.1769,3197.94731739,79.3000,0.012096,0.050000
2716,-21771.6310,2481.44395529,76.1000,0.013046,0.050000
2717,-19896.4918,2857.02673125,78.3000,0.012461,0.050000
2718,-19856.4665,3172.04508954,78.4000,0.012642,0.050000
2719,-20742.8815,2403.72405262,77.3000,0.012680,0.050000
2720,-20170.7811,3152.42208004,78.0000,0.012593,0.050000
2721,-17965.0086,2994.26231313,80.7000,0.012414,0.050000
2722,-17949.6412,2983.78859305,80.8000,0.012704,0.050000
2723,-20532.2904,2364.71834219,77.7000,0.013231,0.050000
2724,-21319.5787,2970.95023497,76.6000,0.012755,0.050000
2725,-20116.6544,3178.22474786,78.2000,0.013170,0.050000
2726,-18958.8023,2814.11096132,79.5000,0.012552,0.050000
2727,-18976.7795,3307.36952635,79.4000,0.012264,0.050000
2728,-18797.1474,2985.84175247,79.7000,0.012556,0.050000
2729,-21616.8759,3064.02807373,76.2000,0.012639,0.050000
2730,-20733.6823,2715.52542598,77.3000,0.012636,0.050000
2731,-19947.6479,3456.72017126,78.3000,0.012706,0.050000
2732,-20727.9412,2763.01294718,77.3000,0.012600,0.050000
2733,-18965.4918,2983.85314894,79.4000,0.012205,0.050000
2734,-19796.6957,2573.22670745,78.4000,0.012342,0.050000
2735,-20017.0525,2614.63655786,78.1000,0.012288,0.050000
2736,-20262.5962,4164.41724001,78.0000,0.013077,0.050000
2737,-21398.4810,2527.75613750,76.5000,0.012750,0.050000
2738,-19389.8316,2374.01894098,78.9000,0.012307,0.050000
2739,-19751.7630,2394.99497572,78.5000,0.012523,0.050000
2740,-19937.8711,2934.14978300,78.3000,0.012689,0.050000
2741,-17097.6862,3416.01638650,81.8000,0.012491,0.050000
2742,-21541.6316,2389.72232249,76.3000,0.012672,0.050000
2743,-20102.6379,2286.35724174,78.1000,0.012678,0.050000
2744,-20698.7476,2896.44752521,77.3000,0.012465,0.050000
2745,-20724.9197,3003.59678103,77.3000,0.012590,0.050000
2746,-19363.4640,2475.17171318,79.0000,0.012582,0.050000
2747,-20096.8507,3287.95381515,78.1000,0.012687,0.050000
2748,-20174.4927,3477.06793517,78.0000,0.012649,0.050000
2749,-19985.8723,2481.41063051,78.2000,0.012526,0.050000
2750,-19071.8923,2325.79187510,79.4000,0.012767,0.050000
2751,-20246.9464,2821.48832943,78.0000,0.013023,0.050000
2752,-19341.2495,3072.68123576,79.1000,0.012917,0.050000
2753,-17982.4698,3735.49667296,80.6000,0.012131,0.050000
2754,-18814.9610,3010.37821575,79.6000,0.012282,0.050000
2755,-19731.7847,2909.62713970,78.4000,0.012099,0.050000
2756,-20129.3660,3156.12443954,78.0000,0.012452,0.050000
2757,-20149.6831,2461.67606701,78.0000,0.012570,0.050000
2758,-20810.0717,2788.94687409,77.2000,0.012664,0.050000
2759,-19725.9080,2369.03447400,78.5000,0.012418,0.050000
2760,-20666.0891,2144.44390499,77.4000,0.012729,0.050000
2761,-19665.5305,2703.42526453,78.7000,0.012923,0.050000
2762,-20006.6336,2480.85298271,78.2000,0.012637,0.050000
2763,-21661.3096,2915.31534430,76.2000,0.012912,0.050000
2764,-20226.5386,3135.30801137,78.0000,0.012915,0.050000
2765,-20626.1622,2941.13240488,77.4000,0.012538,0.050000
2766,-21049.9875,2056.84389640,76.9000,0.012663,0.050000
2767,-18804.3655,2560.47092222,79.7000,0.012616,0.050000
2768,-20207.1743,3344.98979494,78.0000,0.012849,0.050000
2769,-19294.4280,3176.63599716,79.1000,0.012673,0.050000
2770,-20162.8637,3294.40897504,78.0000,0.012600,0.050000
2771,-19440.6022,2390.28020304,78.9000,0.012611,0.050000
2772,-19193.3129,2492.13000911,79.2000,0.012587,0.050000
2773,-19797.4579,2387.74239738,78.5000,0.012797,0.050000
2774,-17863.3638,2716.67763316,80.9000,0.012740,0.050000
2775,-17932.8783,2664.88941569,80.8000,0.012685,0.050000
2776,-17437.9452,2462.33901610,81.4000,0.012595,0.050000
2777,-19654.7735,3109.73667170,78.6000,0.012490,0.050000
2778,-19937.5180,2624.01352608,78.2000,0.012299,0.050000
2779,-20256.8119,1896.55848300,77.9000,0.012664,0.050000
2780,-20944.0742,2458.04126771,77.0000,0.012503,0.050000
2781,-19631.0491,2582.97775865,78.7000,0.012754,0.050000
2782,-20225.5363,3410.36516298,77.9000,0.012558,0.050000
2783,-17679.0049,3820.25873665,81.0000,0.012199,0.050000
2784,-19655.4963,2823.54632570,78.6000,0.012483,0.050000
2785,-20780.7145,2716.49644182,77.3000,0.012898,0.050000
2786,-20845.9898,3096.84114317,77.2000,0.012770,0.050000
2787,-18996.9513,3070.42581883,79.4000,0.012384,0.050000
2788,-19076.4257,3151.82744069,79.3000,0.012375,0.050000
2789,-19692.1301,2843.69701625,78.6000,0.012688,0.050000
2790,-20547.3899,3437.22365323,77.6000,0.012961,0.050000
2791,-19906.0506,2588.29109516,78.4000,0.012902,0.050000
2792,-20772.6827,2402.53166765,77.2000,0.012438,0.050000
2793,-20120.6818,3035.69106975,78.1000,0.012773,0.050000
2794,-19393.7395,2297.04717742,79.0000,0.012756,0.050000
2795,-22479.2359,2628.33540859,75.2000,0.012977,0.050000
2796,-19861.4640,3649.19026184,78.3000,0.012325,0.050000
2797,-19725.8267,2690.93162624,78.5000,0.012444,0.050000
2798,-19283.0453,3503.21479067,79.1000,0.012594,0.050000
2799,-20174.7370,2377.91106479,78.1000,0.013061,0.050000
2800,-21827.6471,2819.28508784,75.9000,0.012545,0.050000
2801,-20097.8147,2623.81001206,78.1000,0.012680,0.050000
2802,-21126.9890,3370.06472962,76.8000,0.012631,0.050000
2803,-20456.1900,2780.45576057,77.6000,0.012462,0.050000
2804,-19881.0836,2819.12790193,78.3000,0.012421,0.050000
2805,-19178.3658,3187.55485701,79.2000,0.012500,0.050000
2806,-20791.1079,2475.09908455,77.2000,0.012545,0.050000
2807,-20661.9853,2613.37053861,77.3000,0.012305,0.050000
2808,-21153.6452,1921.38287266,76.8000,0.012768,0.050000
2809,-20997.5023,2355.31587560,77.1000,0.013140,0.050000
2810,-19314.1585,2467.80588525,79.0000,0.012317,0.050000
2811,-18926.9105,2735.67223952,79.5000,0.012446,0.050000
2812,-20046.3077,3017.64092279,78.2000,0.012843,0.050000
2813,-18774.3683,2732.25958704,79.7000,0.012470,0.050000
2814,-20078.4958,3183.14613002,78.1000,0.012592,0.050000
2815,-20467.8423,4059.16850599,77.6000,0.012555,0.050000
2816,-17783.0273,2719.90624772,81.0000,0.012726,0.050000
2817,-19864.4279,3104.93089764,78.4000,0.012725,0.050000
2818,-20869.0628,2577.63413922,77.2000,0.012940,0.050000
2819,-19844.5317,2578.18314611,78.3000,0.012242,0.050000
2820,-20360.5568,3420.61505309,77.7000,0.012386,0.050000
2821,-19660.6283,2678.88554042,78.7000,0.012915,0.050000
2822,-18878.6265,3269.41638939,79.6000,0.012551,0.050000
2823,-20218.4573,2713.17250476,78.1000,0.013225,0.050000
2824,-19523.4936,2779.19850396,78.8000,0.012552,0.050000
2825,-19859.7067,3406.53180145,78.4000,0.012649,0.050000
2826,-20213.8503,2022.06026032,77.9000,0.012486,0.050000
2827,-20232.9927,3370.51416130,77.9000,0.012527,0.050000
2828,-20198.1258,2333.21426317,78.0000,0.012748,0.050000
2829,-20669.1589,2610.33511303,77.3000,0.012301,0.050000
2830,-20594.3525,2155.68890592,77.6000,0.013134,0.050000
2831,-20683.1644,2478.95598174,77.4000,0.012775,0.050000
2832,-21796.8521,3189.74629816,76.0000,0.012753,0.050000
2833,-19250.1625,2619.28953026,79.1000,0.012452,0.050000
2834,-19373.8449,2480.93803632,79.0000,0.012669,0.050000
2835,-21096.0673,2857.74785805,76.9000,0.012865,0.050000
2836,-18614.6977,2697.86612701,80.0000,0.012858,0.050000
2837,-22244.8033,2823.58018395,75.4000,0.012607,0.050000
2838,-20661.7863,2779.10465305,77.4000,0.012707,0.050000
2839,-21497.9842,3286.34377098,76.4000,0.012868,0.050000
2840,-18449.7493,2363.47450280,80.2000,0.012793,0.050000
2841,-19211.4951,2831.08998119,79.2000,0.012641,0.050000
2842,-19277.2567,3622.22759428,79.1000,0.012562,0.050000
2843,-17506.4773,2251.20817838,81.3000,0.012503,0.050000
2844,-18072.0382,2920.96945392,80.5000,0.012132,0.050000
2845,-21374.0103,2359.14414980,76.6000,0.013041,0.050000
2846,-21153.6261,2390.30280153,76.8000,0.012727,0.050000
2847,-19339.8010,2721.39754424,79.0000,0.012487,0.050000
2848,-18853.2717,2557.84817125,79.6000,0.012477,0.050000
2849,-19281.6161,2512.16011108,79.1000,0.012586,0.050000
2850,-19014.2332,3955.43958535,79.5000,0.012878,0.050000
2851,-21114.2152,2577.72872792,76.9000,0.013006,0.050000
2852,-19288.4667,3605.50588292,79.1000,0.012639,0.050000
2853,-21171.5868,2266.68318134,76.8000,0.012870,0.050000
2854,-20930.9519,2820.34022308,77.1000,0.012797,0.050000
2855,-20514.5726,2388.10552721,77.5000,0.012323,0.050000
2856,-19382.0796,2395.00817453,79.0000,0.012661,0.050000
2857,-21275.3007,2671.77263047,76.6000,0.012559,0.050000
2858,-18793.9704,3625.59621650,79.7000,0.012552,0.050000
2859,-20480.1737,3402.16676941,77.7000,0.012961,0.050000
2860,-21275.4288,2986.99255314,76.7000,0.012942,0.050000
2861,-17673.4214,2280.23130586,81.0000,0.012170,0.050000
2862,-20255.3480,2948.21711589,77.8000,0.012266,0.050000
2863,-18426.4010,2376.49459713,80.2000,0.012683,0.050000
2864,-21868.1697,2728.27653746,75.8000,0.012322,0.050000
2865,-19726.7125,2731.79780343,78.6000,0.012801,0.050000
2866,-20472.3422,2647.61504101,77.7000,0.012931,0.050000
2867,-19150.8157,3371.45063791,79.3000,0.012707,0.050000
2868,-20059.3637,3028.44919761,78.1000,0.012470,0.050000
2869,-19923.8995,2861.25072555,78.4000,0.013022,0.050000
2870,-19029.4462,2707.99683659,79.4000,0.012525,0.050000
2871,-22338.1202,2719.86643552,75.3000,0.012663,0.050000
2872,-20860.4357,2813.41122128,77.1000,0.012485,0.050000
2873,-17505.8133,2061.41585358,81.3000,0.012504,0.050000
2874,-19947.9132,2969.20412641,78.3000,0.012711,0.050000
2875,-20971.4473,3034.48312025,77.0000,0.012610,0.050000
2876,-18995.3582,3761.96238021,79.4000,0.012347,0.050000
2877,-19627.1920,2931.49489926,78.7000,0.012711,0.050000
2878,-20072.6233,2225.41702414,78.1000,0.012545,0.050000
2879,-22005.8315,2733.73379098,75.7000,0.012642,0.050000
2880,-18202.1268,2373.04272156,80.4000,0.012407,0.050000
2881,-20731.0952,3058.21507643,77.3000,0.012634,0.050000
2882,-21267.9353,3189.94230930,76.6000,0.012537,0.050000
2883,-20594.6977,3161.68470783,77.4000,0.012395,0.050000
2884,-21075.5163,2387.30155279,76.9000,0.012779,0.050000
2885,-18525.8779,3027.47347386,80.0000,0.012430,0.050000
2886,-20843.0999,2792.63685739,77.2000,0.012824,0.050000
2887,-17492.9607,2955.60823224,81.3000,0.012456,0.050000
2888,-19693.7756,1799.83957573,78.5000,0.012268,0.050000
2889,-18156.4456,2272.36586896,80.5000,0.012593,0.050000
2890,-20770.3219,3374.68279854,77.2000,0.012471,0.050000
2891,-18630.0878,2038.60430331,79.9000,0.012546,0.050000
2892,-20454.9739,2614.60224276,77.6000,0.012449,0.050000
2893,-20040.6544,3236.01800547,78.2000,0.012825,0.050000
2894,-19945.8563,2166.49755565,78.2000,0.012338,0.050000
2895,-19447.9955,2808.47494922,78.9000,0.012634,0.050000
2896,-19666.4607,2638.01214158,78.6000,0.012514,0.050000
2897,-20653.5232,2290.15348708,77.4000,0.012656,0.050000
2898,-18803.3935,2582.03229925,79.7000,0.012634,0.050000
2899,-19930.7822,3252.59046816,78.3000,0.012673,0.050000
2900,-21039.0716,2044.91755264,76.9000,0.012575,0.050000
2901,-18606.7605,2941.74963944,79.9000,0.012417,0.050000
2902,-20762.4156,3035.76113636,77.3000,0.012803,0.050000
2903,-20296.4132,2511.71946717,77.9000,0.012881,0.050000
2904,-19685.5665,2484.37443358,78.6000,0.012629,0.050000
2905,-19507.4578,3342.26241722,78.8000,0.012532,0.050000
2906,-20101.7476,2159.50041835,78.1000,0.012715,0.050000
2907,-19117.9259,2953.43076561,79.3000,0.012594,0.050000
2908,-18986.5179,3134.59324553,79.5000,0.012750,0.050000
2909,-19629.6927,3168.80879885,78.6000,0.012327,0.050000
2910,-19799.2136,2909.38122688,78.4000,0.012393,0.050000
2911,-21368.7621,3479.24368735,76.6000,0.013026,0.050000
2912,-21763.8794,2160.66301946,76.1000,0.013033,0.050000
2913,-19998.8248,2567.46311352,78.2000,0.012601,0.050000
2914,-21865.6582,2495.78778176,75.9000,0.012737,0.050000
2915,-18540.0888,3463.94656341,80.0000,0.012527,0.050000
2916,-19786.7985,2667.12889797,78.5000,0.012715,0.050000
2917,-20666.9086,2375.80279936,77.4000,0.012747,0.050000
2918,-18342.3284,2890.72497615,80.2000,0.012327,0.050000
2919,-22271.3682,3531.08464688,75.4000,0.012765,0.050000
2920,-18989.3905,2594.39500135,79.5000,0.012751,0.050000
2921,-20269.1885,3401.63161887,77.9000,0.012747,0.050000
2922,-20080.2265,2852.54751096,78.1000,0.012632,0.050000
2923,-21595.6877,2619.16854309,76.2000,0.012572,0.050000
2924,-21098.6458,2747.10003584,76.8000,0.012489,0.050000
2925,-20547.4532,2924.13024440,77.6000,0.012932,0.050000
2926,-19716.5205,3117.85809145,78.5000,0.012413,0.050000
2927,-22364.0182,2397.52132581,75.3000,0.012836,0.050000
2928,-21363.0569,3270.24490635,76.5000,0.012619,0.050000
2929,-20952.0826,2148.85225077,77.1000,0.012970,0.050000
2930,-20737.9359,3046.99609272,77.3000,0.012711,0.050000
2931,-20739.5067,2630.79885855,77.3000,0.012667,0.050000
2932,-20548.5453,2323.05263376,77.6000,0.012953,0.050000
2933,-20679.0761,4082.70526244,77.5000,0.013166,0.050000
2934,-19311.0356,3274.48024280,79.1000,0.012711,0.050000
2935,-20715.0131,3565.76698646,77.3000,0.012543,0.050000
2936,-19838.4675,3433.70886608,78.4000,0.012582,0.050000
2937,-19999.9540,2390.26591061,78.2000,0.012605,0.050000
2938,-21309.9384,2642.01147878,76.6000,0.012707,0.050000
2939,-22250.2976,3098.59011975,75.5000,0.013052,0.050000
2940,-23005.3280,2645.70177793,74.5000,0.012837,0.050000
2941,-20385.4260,2394.19965316,77.7000,0.012528,0.050000
2942,-20542.3001,2742.27479107,77.6000,0.012927,0.050000
2943,-20772.6806,2319.93087433,77.2000,0.012449,0.050000
2944,-20725.6867,2311.09715728,77.3000,0.012649,0.050000
2945,-20272.5213,2821.02555451,77.9000,0.012772,0.050000
2946,-18999.5244,2828.77867003,79.4000,0.012379,0.050000
2947,-20311.6486,3866.55696603,77.9000,0.012909,0.050000
2948,-19614.3612,2865.04064429,78.7000,0.012667,0.050000
2949,-21609.1639,2505.57378106,76.3000,0.012975,0.050000
2950,-20403.5689,2986.11734884,77.6000,0.012211,0.050000
2951,-20191.9457,3064.28191791,77.9000,0.012351,0.050000
2952,-21271.4339,3195.51367867,76.7000,0.012914,0.050000
2953,-19439.0733,2826.79938560,79.0000,0.013013,0.050000
2954,-20141.0313,3410.67816440,78.1000,0.012891,0.050000
2955,-20200.9009,3855.82970020,78.0000,0.012791,0.050000
2956,-18071.3782,2287.74802941,80.5000,0.012178,0.050000
2957,-18639.0685,3103.99068093,79.9000,0.012593,0.050000
2958,-19858.3312,2988.55570238,78.3000,0.012265,0.050000
2959,-21526.3437,2791.32710608,76.3000,0.012623,0.050000
2960,-19937.2607,2479.14726749,78.3000,0.012674,0.050000
2961,-20065.6700,2637.51925355,78.2000,0.012912,0.050000
2962,-19482.6037,2699.74056799,78.8000,0.012410,0.050000
2963,-19750.7633,2617.28260518,78.6000,0.012930,0.050000
2964,-21710.8720,2756.08675393,76.2000,0.013127,0.050000
2965,-19358.1017,2737.63293561,79.0000,0.012632,0.050000
2966,-21777.0542,2442.23932650,76.0000,0.012699,0.050000
2967,-20076.2454,3114.08364730,78.1000,0.012549,0.050000
2968,-18758.5156,2833.15520837,79.7000,0.012389,0.050000
2969,-19964.1015,2643.94687525,78.2000,0.012460,0.050000
2970,-21479.2748,2073.29720167,76.5000,0.013185,0.050000
2971,-19986.4764,2972.28711510,78.3000,0.012934,0.050000
2972,-18745.2541,2780.80035137,79.7000,0.012324,0.050000
2973,-21974.1220,3078.56708611,75.8000,0.012851,0.050000
2974,-21234.3503,3507.53960816,76.7000,0.012740,0.050000
2975,-21166.8621,2867.17965186,76.8000,0.012848,0.050000
2976,-20379.2460,2499.66415878,77.7000,0.012509,0.050000
2977,-20413.7474,3059.50554491,77.7000,0.012663,0.050000
2978,-20365.0529,3063.89686209,77.8000,0.012852,0.050000
2979,-17627.1900,3369.60281962,81.1000,0.012347,0.050000
2980,-19982.7367,2663.60129502,78.2000,0.012514,0.050000
2981,-18713.8313,2755.56927611,79.7000,0.012175,0.050000
2982,-17793.4170,3182.56042518,80.9000,0.012364,0.050000
2983,-20958.7402,3295.63085701,77.1000,0.012990,0.050000
2984,-20058.4058,2730.94695965,78.1000,0.012479,0.050000
2985,-20944.2753,2422.40833574,77.1000,0.012901,0.050000
2986,-20487.7362,3413.86677298,77.5000,0.012226,0.050000
2987,-19162.5027,2503.16894664,79.2000,0.012401,0.050000
2988,-20863.5509,2492.64329513,77.1000,0.012522,0.050000
2989,-21677.7225,2857.93296392,76.1000,0.012568,0.050000
2990,-20497.0895,2624.86429901,77.6000,0.012674,0.050000
2991,-20892.6144,3478.72394627,77.1000,0.012653,0.050000
2992,-19292.1742,2628.26105758,79.2000,0.013053,0.050000
2993,-19850.1124,3493.06892818,78.4000,0.012651,0.050000
2994,-19593.7574,3699.87900825,78.7000,0.012561,0.050000
2995,-19821.1940,2140.57108774,78.4000,0.012506,0.050000
2996,-18383.0290,3365.40639022,80.1000,0.012119,0.050000
2997,-21250.7748,2399.55324061,76.7000,0.012838,0.050000
2998,-20108.5775,2758.86684806,78.1000,0.012730,0.050000
2999,-19594.5357,3226.59121356,78.7000,0.012559,0.050000
3000,-20328.5497,2874.02190738,77.9000,0.013061,0.050000
