taskId,ownerDeviceId,arrivalTime,taskType,dataSizeKb,cpuDemand,deadline,priority,memoryMb,energyLocalEst
1,13,0.1125,image_processing,429.18,0.1338,8.3484,2,295.2,0.5352
2,14,0.2218,control_signal,202.0,0.0186,3.3461,1,364.2,0.0743
3,6,0.3334,control_signal,184.06,0.0354,4.3873,2,381.1,0.1415
4,6,0.3465,alert,114.78,0.0348,5.0624,5,208.3,0.1394
5,4,0.3506,control_signal,126.85,0.0273,3.8463,3,110.4,0.109
6,12,0.4186,image_processing,359.66,0.1528,12.1014,5,207.8,0.6111
7,1,0.4846,control_signal,97.18,0.0284,5.6176,3,56.5,0.1135
8,13,0.6308,control_signal,127.72,0.0068,4.0638,1,65.2,0.0271
9,4,0.6345,control_signal,198.73,0.0137,5.149,2,201.5,0.0547
10,1,0.6835,control_signal,495.5,0.0141,6.7101,5,282.9,0.0564
11,2,0.6867,sensor_data,384.73,0.032,11.1043,4,463.7,0.1281
12,6,0.7377,aggregation,465.33,0.1268,13.2054,1,509.4,0.5071
13,12,0.8187,aggregation,26.75,0.0412,16.0686,4,419.2,0.1648
14,9,0.8368,image_processing,212.95,0.0917,9.0442,1,257.1,0.367
15,13,0.8945,control_signal,440.91,0.0227,5.5949,1,462.9,0.0907
16,6,0.9017,alert,136.11,0.0226,5.1549,2,120.1,0.0904
17,0,0.906,alert,413.72,0.0248,5.1462,1,498.0,0.0992
18,11,0.9207,image_processing,267.97,0.1806,8.0575,1,428.0,0.7223
19,3,0.9629,sensor_data,66.44,0.0284,12.4701,3,383.1,0.1138
20,0,0.9822,sensor_data,261.0,0.0671,6.4549,1,356.3,0.2685
21,5,1.0406,control_signal,101.13,0.0472,7.6195,2,321.5,0.1887
22,10,1.0511,sensor_data,499.89,0.0209,6.7801,2,453.1,0.0838
23,5,1.1371,sensor_data,65.87,0.0746,6.7514,5,487.7,0.2983
24,4,1.1945,alert,103.12,0.0208,5.443,4,167.0,0.0833
25,6,1.2252,aggregation,330.33,0.0381,11.5352,2,352.8,0.1522
26,1,1.2447,image_processing,76.87,0.1698,14.2548,2,220.2,0.6793
27,2,1.2659,sensor_data,190.75,0.0308,6.6903,1,228.3,0.1231
28,2,1.2695,control_signal,179.24,0.0332,5.8221,2,406.6,0.1329
29,5,1.2779,alert,265.77,0.0256,7.1765,5,416.7,0.1023
30,0,1.31,sensor_data,234.6,0.0589,13.217,1,309.6,0.2355
31,13,1.3282,control_signal,364.48,0.0388,6.3589,4,340.6,0.1553
32,9,1.3874,aggregation,27.85,0.1311,18.3398,3,149.9,0.5244
33,4,1.4205,image_processing,102.17,0.1578,10.7823,2,375.1,0.6312
34,3,1.4316,control_signal,107.9,0.045,7.4885,1,499.1,0.1798
35,9,1.4532,aggregation,156.57,0.1033,13.9143,1,386.6,0.4131
36,0,1.4832,control_signal,380.69,0.0378,8.2787,2,274.6,0.1513
37,9,1.4993,sensor_data,221.26,0.0327,10.1513,3,464.9,0.1309
38,14,1.5144,control_signal,182.54,0.0223,5.2372,1,130.6,0.0892
39,11,1.5555,aggregation,25.97,0.0896,18.9095,1,236.3,0.3582
40,1,1.5694,control_signal,107.08,0.0494,5.4053,3,280.1,0.1975
41,3,1.6318,sensor_data,77.9,0.0364,12.4192,2,368.7,0.1455
42,13,1.6969,alert,93.46,0.0249,4.9044,1,386.3,0.0995
43,4,1.7477,control_signal,432.65,0.0376,5.0133,4,91.1,0.1503
44,0,1.7511,control_signal,278.65,0.0434,5.6899,2,417.5,0.1737
45,4,1.8042,sensor_data,83.56,0.045,13.7278,4,73.9,0.1802
46,7,1.8675,image_processing,139.03,0.1598,13.3493,2,219.4,0.6393
47,0,1.9201,sensor_data,159.69,0.0424,9.2083,1,218.7,0.1694
48,2,1.9332,image_processing,349.99,0.1523,9.0034,4,159.7,0.609
49,5,1.9482,control_signal,383.5,0.0054,5.1372,5,70.7,0.0216
50,11,1.9559,control_signal,186.01,0.0316,7.9802,1,325.0,0.1266
51,3,1.9725,image_processing,70.72,0.1109,9.4884,3,325.6,0.4437
52,11,1.9735,aggregation,131.16,0.1371,18.4197,3,187.4,0.5484
53,13,1.9813,alert,487.55,0.0376,7.027,2,298.3,0.1505
54,7,2.0429,control_signal,43.01,0.0157,7.1534,5,107.2,0.0626
55,0,2.2299,control_signal,451.14,0.0394,5.6176,3,81.7,0.1578
56,10,2.2562,sensor_data,361.99,0.063,13.0536,3,199.0,0.2521
57,5,2.2695,sensor_data,335.53,0.077,11.3822,2,399.3,0.308
58,14,2.2882,control_signal,245.87,0.0141,7.4459,3,72.7,0.0564
59,4,2.3051,sensor_data,332.09,0.0508,11.4014,3,346.4,0.2032
60,11,2.3111,sensor_data,59.58,0.0476,11.5545,1,293.7,0.1905
61,13,2.3618,image_processing,300.21,0.1615,9.0851,1,389.1,0.6459
62,12,2.4262,sensor_data,228.66,0.0514,9.7964,4,384.2,0.2056
63,13,2.4968,sensor_data,80.07,0.0358,7.8494,1,222.5,0.1431
64,14,2.7453,sensor_data,175.77,0.0264,8.4855,4,227.1,0.1058
65,2,2.8439,aggregation,308.24,0.1263,13.7304,5,235.8,0.5053
66,0,2.9208,image_processing,280.6,0.186,13.098,1,428.6,0.7442
67,12,2.9697,sensor_data,475.74,0.0124,12.7508,4,178.1,0.0495
68,0,2.9974,image_processing,324.74,0.1924,13.2567,2,243.9,0.7698
69,13,2.9995,control_signal,419.95,0.0094,6.9304,1,154.7,0.0374
70,8,3.0443,control_signal,190.37,0.0123,8.2975,3,471.4,0.0494
71,9,3.0733,control_signal,416.25,0.0461,9.6833,3,336.5,0.1844
72,9,3.1439,sensor_data,296.95,0.0112,14.8506,4,224.3,0.0446
73,2,3.2388,control_signal,224.12,0.0279,8.2676,2,165.4,0.1118
74,7,3.2544,alert,166.64,0.0389,6.7731,1,301.0,0.1558
75,3,3.2567,sensor_data,149.76,0.0551,14.9067,3,61.6,0.2202
76,3,3.3,sensor_data,342.37,0.0122,12.6236,3,288.7,0.0487
77,5,3.4195,sensor_data,58.98,0.0377,8.7082,3,509.9,0.1509
78,0,3.4579,sensor_data,277.15,0.0626,14.2453,3,371.9,0.2503
79,10,3.5576,image_processing,22.75,0.0947,16.9671,4,85.5,0.3787
80,2,3.5928,control_signal,91.34,0.025,7.9303,2,235.9,0.1001
81,7,3.6543,aggregation,70.96,0.1372,18.8749,1,472.0,0.5487
82,1,3.6679,sensor_data,211.49,0.076,15.3225,3,261.0,0.3039
83,0,3.6741,aggregation,310.96,0.0338,14.8274,1,357.7,0.1352
84,5,3.6808,image_processing,388.72,0.1783,13.6235,1,278.3,0.7132
85,5,3.6863,control_signal,452.05,0.0437,9.9786,4,493.3,0.175
86,3,3.6889,image_processing,284.58,0.1485,13.0688,2,183.3,0.5942
87,2,3.7692,control_signal,445.0,0.0087,8.7555,3,290.7,0.0348
88,6,3.7902,sensor_data,107.21,0.0246,14.5508,3,401.1,0.0986
89,0,3.8083,sensor_data,441.99,0.0704,10.8456,3,419.0,0.2816
90,9,3.852,aggregation,408.82,0.1492,17.2133,3,259.2,0.5967
91,10,3.8608,image_processing,61.91,0.1273,14.3845,1,438.4,0.5093
92,5,3.9506,alert,404.85,0.0136,8.4254,4,82.4,0.0544
93,4,4.011,sensor_data,229.17,0.0427,13.311,2,268.0,0.1708
94,8,4.0264,sensor_data,375.37,0.0431,14.7513,2,419.9,0.1722
95,11,4.0358,image_processing,149.8,0.0984,14.6973,3,160.3,0.3937
96,10,4.0607,control_signal,196.84,0.028,10.8553,4,506.0,0.112
97,12,4.0749,image_processing,25.75,0.0999,16.6322,2,452.3,0.3996
98,10,4.0785,sensor_data,357.68,0.0372,14.7646,2,462.3,0.1486
99,12,4.1021,control_signal,486.28,0.0127,9.6733,1,165.3,0.0507
100,2,4.2074,image_processing,495.53,0.1072,14.2329,1,307.1,0.4287
101,12,4.2546,sensor_data,211.07,0.0665,11.7416,1,392.3,0.2661
102,11,4.3989,control_signal,11.33,0.0227,10.9705,1,306.4,0.0908
103,1,4.4947,alert,98.95,0.0145,8.8748,2,376.5,0.0581
104,8,4.547,control_signal,384.76,0.043,8.2469,2,411.6,0.172
105,7,4.6336,control_signal,26.14,0.0134,9.6217,1,384.5,0.0536
106,12,4.6676,control_signal,436.15,0.0447,10.8577,3,361.5,0.1788
107,8,4.7176,sensor_data,59.26,0.0557,16.1514,2,83.5,0.2228
108,14,4.7354,sensor_data,495.59,0.0573,15.6232,1,419.4,0.2291
109,1,4.7456,image_processing,183.82,0.0859,16.7784,3,287.5,0.3435
110,3,4.846,control_signal,322.52,0.0103,8.2593,2,150.1,0.0411
111,10,4.8526,sensor_data,468.13,0.0581,13.6268,2,436.2,0.2323
112,1,4.8614,aggregation,294.04,0.1486,21.6342,3,213.2,0.5945
113,9,4.8759,sensor_data,251.31,0.0639,16.8635,1,325.3,0.2557
114,1,4.9212,control_signal,100.07,0.0198,10.8453,1,70.8,0.0792
115,11,4.9405,image_processing,23.86,0.1632,11.2601,3,180.5,0.6529
116,8,4.9726,sensor_data,342.78,0.0746,11.9872,1,491.6,0.2985
117,1,5.0736,image_processing,117.8,0.1687,14.7953,4,390.2,0.6748
118,3,5.1458,sensor_data,345.08,0.0424,15.9307,3,350.2,0.1696
119,11,5.2006,control_signal,395.6,0.0217,8.3833,2,252.5,0.0869
120,3,5.2086,control_signal,41.46,0.0315,9.1388,4,223.9,0.1258
121,6,5.2643,alert,167.21,0.0201,10.7094,4,484.1,0.0804
122,9,5.2855,sensor_data,213.07,0.0623,13.4908,2,196.8,0.2494
123,3,5.2913,control_signal,211.12,0.0237,8.7868,3,480.0,0.0947
124,0,5.31,sensor_data,132.28,0.042,10.4518,1,150.2,0.1682
125,4,5.3133,control_signal,10.49,0.0231,10.4295,1,93.2,0.0922
126,8,5.3561,alert,21.87,0.0242,9.0216,5,100.0,0.0968
127,10,5.4016,control_signal,312.65,0.0116,12.3267,3,505.9,0.0464
128,1,5.4154,image_processing,215.84,0.1045,16.4,2,480.2,0.4179
129,6,5.4175,control_signal,327.9,0.0499,9.934,5,76.6,0.1995
130,13,5.5453,sensor_data,271.36,0.0593,11.5896,3,260.8,0.2372
131,8,5.5831,control_signal,26.89,0.016,12.0006,3,511.7,0.0639
132,0,5.6527,control_signal,299.0,0.0353,8.8927,3,321.7,0.1413
133,13,5.6692,alert,111.74,0.0294,10.4521,3,457.4,0.1176
134,10,5.7477,sensor_data,129.87,0.0325,11.3489,1,505.8,0.13
135,8,5.8245,control_signal,148.96,0.0417,9.4991,2,199.9,0.1667
136,11,5.8288,image_processing,390.58,0.185,13.0575,1,472.0,0.7401
137,2,6.083,sensor_data,15.79,0.0335,12.1822,1,472.3,0.1342
138,11,6.1146,image_processing,136.0,0.0921,16.852,2,198.1,0.3684
139,3,6.18,control_signal,239.88,0.0308,9.9132,3,109.2,0.1233
140,13,6.1914,sensor_data,357.9,0.0674,15.7687,3,454.3,0.2695
141,7,6.2374,sensor_data,307.06,0.0295,11.934,1,161.5,0.1179
142,0,6.2508,sensor_data,397.52,0.0212,15.5237,4,193.0,0.0849
143,11,6.3263,sensor_data,331.01,0.0494,14.6365,1,502.4,0.1976
144,1,6.348,aggregation,375.38,0.1013,18.3068,1,407.8,0.4052
145,7,6.3845,sensor_data,377.91,0.0178,11.941,1,460.9,0.071
146,11,6.4092,sensor_data,474.59,0.0295,16.3718,1,200.7,0.118
147,6,6.4444,control_signal,242.38,0.0227,12.4138,3,195.1,0.0908
148,2,6.4665,control_signal,195.21,0.0437,11.8762,4,79.8,0.1747
149,4,6.4952,control_signal,355.99,0.0154,13.4367,3,52.3,0.0614
150,2,6.4966,sensor_data,384.71,0.0366,17.9665,2,396.3,0.1463
151,7,6.5709,image_processing,460.15,0.1353,17.7111,1,459.6,0.5413
152,1,6.6883,sensor_data,252.81,0.0648,15.9906,3,120.1,0.2592
153,4,6.7155,control_signal,226.53,0.0171,12.1066,1,457.9,0.0686
154,5,6.8748,sensor_data,368.5,0.0387,13.1484,2,57.5,0.1547
155,0,6.8827,image_processing,435.86,0.1779,18.6712,5,205.9,0.7116
156,9,7.013,sensor_data,65.81,0.0287,13.5667,3,410.8,0.1148
157,5,7.03,aggregation,232.27,0.068,18.6721,2,474.6,0.2718
158,13,7.0613,image_processing,238.09,0.182,20.778,1,88.6,0.7281
159,10,7.1754,alert,477.07,0.014,10.6852,1,493.2,0.0561
160,11,7.1813,sensor_data,326.75,0.0573,14.5016,1,483.2,0.2293
161,2,7.1903,alert,331.66,0.0139,12.3238,2,342.2,0.0557
162,2,7.2531,sensor_data,89.47,0.0289,14.1629,2,203.0,0.1158
163,10,7.2991,sensor_data,275.45,0.0233,13.6501,1,368.3,0.0933
164,14,7.3125,sensor_data,31.05,0.0731,13.0008,3,401.6,0.2923
165,6,7.3333,aggregation,194.5,0.0368,23.5485,2,129.9,0.1473
166,14,7.3684,control_signal,370.19,0.0422,12.9264,3,446.6,0.1689
167,7,7.4573,control_signal,183.39,0.005,12.8514,1,136.0,0.0201
168,4,7.4741,control_signal,162.93,0.0076,14.1382,5,495.5,0.0302
169,8,7.5099,control_signal,348.42,0.0372,12.9131,1,137.1,0.1487
170,1,7.5264,sensor_data,358.27,0.0791,17.2303,5,363.2,0.3162
171,11,7.5407,control_signal,12.14,0.044,11.9994,2,482.9,0.1761
172,3,7.6405,sensor_data,49.47,0.0222,13.0444,3,449.2,0.0887
173,3,7.6666,control_signal,23.16,0.018,11.4467,3,373.4,0.0719
174,9,7.7293,alert,85.61,0.0244,11.0116,5,401.8,0.0977
175,3,7.7434,image_processing,464.84,0.19,18.9386,2,51.7,0.76
176,0,7.7521,control_signal,353.62,0.0093,12.1589,4,322.7,0.0372
177,12,7.8056,control_signal,16.37,0.0387,12.2248,1,202.7,0.1546
178,4,7.8719,aggregation,78.11,0.1212,23.4363,4,362.9,0.4848
179,5,7.9164,control_signal,225.28,0.0342,12.8505,1,289.5,0.1367
180,1,7.972,control_signal,149.58,0.011,14.7884,2,198.8,0.0439
181,4,8.0197,image_processing,156.96,0.1476,21.373,1,307.0,0.5902
182,5,8.0708,aggregation,485.97,0.1355,21.8514,3,175.2,0.5421
183,2,8.1763,sensor_data,59.7,0.0126,18.8043,2,311.2,0.0504
184,0,8.3084,control_signal,243.77,0.0363,11.5955,2,155.4,0.1453
185,2,8.3394,control_signal,78.69,0.0394,15.1456,5,324.8,0.1574
186,9,8.3437,aggregation,246.9,0.1145,24.9022,2,199.6,0.458
187,12,8.4094,control_signal,145.06,0.0349,11.5438,1,138.1,0.1396
188,9,8.449,sensor_data,222.35,0.0395,14.0802,2,382.9,0.1579
189,12,8.5632,sensor_data,483.49,0.0444,16.972,4,279.6,0.1776
190,7,8.6121,control_signal,135.41,0.0474,12.8887,5,382.0,0.1897
191,12,8.6186,control_signal,303.81,0.0078,11.7206,1,481.2,0.0311
192,14,8.6677,sensor_data,41.35,0.0532,15.711,3,97.0,0.2127
193,8,8.6945,control_signal,222.68,0.019,11.7444,3,420.2,0.076
194,9,8.6999,aggregation,258.17,0.0788,25.4901,1,486.2,0.3151
195,8,8.7127,control_signal,189.68,0.0062,12.6834,2,292.4,0.0247
196,13,8.8754,control_signal,412.67,0.0284,13.2359,1,97.8,0.1137
197,13,8.8942,sensor_data,298.92,0.057,19.4629,4,231.4,0.2281
198,0,8.9063,control_signal,252.79,0.0067,13.2221,2,309.0,0.027
199,12,8.9271,sensor_data,165.85,0.0575,18.5958,2,320.3,0.2298
200,8,9.0239,alert,327.23,0.0166,14.106,1,253.8,0.0662
201,9,9.0748,image_processing,89.96,0.0844,21.9161,2,246.0,0.3374
202,0,9.0841,image_processing,150.5,0.1346,22.7182,4,476.1,0.5384
203,2,9.0844,sensor_data,279.0,0.0242,18.8812,5,252.9,0.0967
204,4,9.1049,control_signal,23.89,0.0364,16.0014,3,478.2,0.1458
205,6,9.112,control_signal,327.5,0.01,14.8798,1,435.5,0.0398
206,7,9.2087,image_processing,262.79,0.1854,21.7088,1,283.8,0.7414
207,9,9.2137,control_signal,260.47,0.0346,12.7496,1,188.4,0.1386
208,3,9.2458,sensor_data,426.64,0.0651,14.6469,4,208.1,0.2603
209,10,9.2934,sensor_data,269.04,0.0382,15.3727,1,455.9,0.1527
210,13,9.4277,aggregation,492.46,0.0975,23.8885,1,85.1,0.39
211,11,9.4413,sensor_data,13.47,0.033,16.6976,3,172.0,0.1321
212,2,9.5225,control_signal,174.97,0.0214,16.0384,3,399.5,0.0856
213,2,9.5582,alert,284.03,0.0338,14.6339,1,66.2,0.135
214,14,9.6392,aggregation,20.02,0.1425,26.8576,4,258.4,0.57
215,5,9.656,aggregation,378.15,0.0308,21.9616,4,336.3,0.1232
216,4,9.6715,alert,229.09,0.0388,13.9892,3,239.2,0.1553
217,4,9.6834,sensor_data,455.43,0.0403,20.4704,5,310.7,0.1611
218,6,9.7322,aggregation,352.99,0.1306,24.2361,3,362.5,0.5224
219,7,9.7626,aggregation,298.25,0.055,23.7496,1,445.5,0.2201
220,9,9.8032,control_signal,381.57,0.0417,15.6714,2,444.6,0.1669
221,11,9.8632,sensor_data,325.99,0.0499,14.8677,3,312.0,0.1997
222,7,9.9172,aggregation,479.95,0.1118,22.1418,3,506.4,0.4471
223,12,9.9661,image_processing,308.62,0.1903,22.0091,1,301.0,0.7611
224,11,10.0316,sensor_data,196.66,0.0708,15.7992,2,249.7,0.2831
225,0,10.0332,control_signal,247.35,0.0119,16.3837,1,57.6,0.0476
226,7,10.1036,control_signal,121.87,0.0367,16.2849,3,121.4,0.1469
227,9,10.1645,alert,444.09,0.0361,14.7968,1,202.5,0.1444
228,7,10.185,sensor_data,427.46,0.0798,15.9861,4,305.6,0.3193
229,7,10.1962,alert,401.56,0.0232,14.0736,2,477.7,0.0927
230,9,10.2295,sensor_data,453.21,0.0598,18.757,1,499.7,0.2391
231,14,10.3243,aggregation,420.23,0.1333,24.1875,2,402.0,0.5332
232,2,10.3395,alert,199.64,0.0206,14.3065,4,168.6,0.0824
233,5,10.4066,aggregation,398.09,0.0388,26.5325,2,383.8,0.1554
234,13,10.5456,aggregation,391.89,0.0769,24.4193,1,421.4,0.3074
235,11,10.5642,alert,31.75,0.0332,13.8246,5,451.7,0.1328
236,13,10.7656,image_processing,73.71,0.1326,19.0603,2,151.7,0.5304
237,5,10.7684,image_processing,130.77,0.0805,17.914,1,154.3,0.3219
238,9,10.7701,alert,305.25,0.0265,16.4409,3,218.9,0.1061
239,2,10.8571,control_signal,314.69,0.0194,17.7142,1,258.3,0.0777
240,12,10.8873,sensor_data,339.5,0.0492,22.0834,3,137.7,0.197
241,8,10.9156,control_signal,213.68,0.0484,16.3111,3,78.6,0.1937
242,12,11.0073,control_signal,145.52,0.0412,16.1448,1,426.9,0.1648
243,6,11.1231,control_signal,181.52,0.0073,17.1467,2,164.1,0.0293
244,12,11.1617,control_signal,109.54,0.0145,15.3987,2,88.3,0.0578
245,7,11.2603,control_signal,38.07,0.0238,17.7782,1,469.7,0.0951
246,13,11.3076,sensor_data,113.5,0.0268,19.2463,1,225.6,0.1073
247,11,11.3311,sensor_data,155.16,0.0352,20.6068,2,415.3,0.1408
248,13,11.3424,alert,36.13,0.025,15.1769,3,129.0,0.1
249,9,11.4069,sensor_data,56.33,0.0441,17.6982,2,490.0,0.1764
250,9,11.5071,alert,55.21,0.0064,16.3079,2,397.4,0.0254
251,1,11.632,sensor_data,22.14,0.031,16.9637,2,458.1,0.1238
252,3,11.6461,sensor_data,85.02,0.0579,17.072,2,359.6,0.2316
253,13,11.6942,sensor_data,381.6,0.0614,22.7673,5,398.5,0.2456
254,12,11.7182,aggregation,467.99,0.1176,28.1326,2,344.9,0.4705
255,9,11.7983,sensor_data,411.67,0.0696,19.8178,4,494.4,0.2783
256,3,11.8086,aggregation,454.38,0.1208,29.2988,3,317.6,0.4833
257,9,11.8114,control_signal,365.12,0.0489,15.8314,4,253.8,0.1955
258,3,11.8283,control_signal,54.17,0.0435,16.8713,3,165.6,0.1742
259,2,11.8316,image_processing,51.58,0.1171,19.4337,2,258.2,0.4686
260,11,11.8536,sensor_data,146.29,0.0341,18.6852,5,126.3,0.1363
261,12,11.8765,image_processing,131.86,0.1192,18.5836,1,415.0,0.4769
262,7,11.8818,alert,470.54,0.0282,16.7737,5,364.5,0.1127
263,1,12.0262,aggregation,355.18,0.1251,25.9567,1,400.2,0.5004
264,14,12.0404,control_signal,120.83,0.0426,18.7723,2,478.7,0.1705
265,0,12.0964,image_processing,352.09,0.0953,20.8884,1,200.0,0.3814
266,0,12.1058,control_signal,327.97,0.0303,17.7181,4,241.9,0.1212
267,0,12.1296,control_signal,163.07,0.0057,15.9561,1,59.3,0.0228
268,2,12.1338,sensor_data,401.1,0.0541,23.6836,3,113.6,0.2163
269,2,12.1393,sensor_data,201.23,0.0143,20.1555,2,179.3,0.0572
270,10,12.1399,aggregation,273.79,0.1222,27.1619,1,384.0,0.4889
271,6,12.2154,sensor_data,468.45,0.029,19.5103,3,269.9,0.1158
272,9,12.2321,sensor_data,225.53,0.0429,19.2642,3,68.5,0.1717
273,0,12.2645,aggregation,324.94,0.064,27.725,3,331.0,0.2558
274,14,12.3052,sensor_data,125.77,0.0613,22.2433,1,245.9,0.245
275,2,12.3136,control_signal,305.89,0.0215,16.8774,1,421.6,0.086
276,6,12.4508,aggregation,23.83,0.0398,26.2106,3,208.8,0.1591
277,2,12.4764,image_processing,136.12,0.1189,22.9869,3,265.8,0.4756
278,5,12.4799,control_signal,499.53,0.01,15.9595,2,50.9,0.0401
279,13,12.485,image_processing,361.56,0.0824,21.8337,5,379.4,0.3296
280,6,12.5082,image_processing,426.2,0.0847,26.4034,5,167.7,0.3389
281,11,12.5142,control_signal,266.35,0.0348,17.5776,5,336.5,0.1394
282,4,12.5294,sensor_data,80.24,0.0193,18.8756,4,375.7,0.0774
283,10,12.5642,sensor_data,408.32,0.0362,22.2437,4,302.7,0.1448
284,12,12.5662,sensor_data,199.32,0.0432,23.6242,2,190.9,0.1729
285,2,12.583,sensor_data,220.95,0.0481,22.2062,1,450.5,0.1926
286,5,12.6564,image_processing,272.94,0.1049,23.1369,4,114.1,0.4195
287,1,12.6599,image_processing,259.98,0.1438,23.3488,1,279.7,0.5751
288,3,12.7053,alert,55.68,0.0277,17.1984,1,135.8,0.1109
289,13,12.7077,control_signal,442.04,0.0324,16.419,1,92.1,0.1295
290,13,12.833,control_signal,472.74,0.0241,19.6691,3,81.8,0.0966
291,7,12.8449,sensor_data,61.94,0.0792,24.4733,2,195.8,0.3169
292,1,12.8564,sensor_data,54.28,0.0292,20.2705,2,123.1,0.1167
293,8,12.9074,sensor_data,81.04,0.02,24.5844,2,141.0,0.0801
294,1,13.0131,control_signal,251.81,0.0075,16.5707,3,90.4,0.0299
295,2,13.1623,sensor_data,192.32,0.0507,19.8019,1,151.7,0.2027
296,7,13.227,image_processing,217.31,0.1996,27.064,1,199.5,0.7982
297,9,13.3078,control_signal,232.06,0.0056,16.6888,2,133.3,0.0225
298,10,13.3592,alert,273.81,0.0348,17.0821,1,278.8,0.1393
299,8,13.3682,control_signal,139.26,0.0123,18.8171,1,479.6,0.0491
300,0,13.4227,sensor_data,231.86,0.0484,20.177,1,383.2,0.1935
301,6,13.4305,control_signal,452.16,0.0137,17.6901,4,487.5,0.0548
302,9,13.4768,sensor_data,260.33,0.0436,24.8131,2,345.9,0.1744
303,0,13.5127,sensor_data,163.53,0.0187,21.2618,4,225.0,0.0747
304,12,13.5295,sensor_data,463.08,0.0627,19.4764,2,170.0,0.251
305,2,13.5627,control_signal,361.58,0.0169,18.0296,5,359.1,0.0677
306,8,13.6049,sensor_data,153.59,0.068,24.5525,5,232.5,0.2719
307,2,13.6158,aggregation,89.16,0.146,29.245,3,104.9,0.5841
308,11,13.6353,control_signal,98.69,0.0363,20.2757,2,349.0,0.1451
309,0,13.6551,sensor_data,209.23,0.0222,18.8586,3,315.2,0.0889
310,2,13.6604,sensor_data,367.34,0.0359,20.5798,2,299.5,0.1435
311,11,13.6739,image_processing,45.89,0.1447,24.6101,1,96.6,0.5789
312,11,13.722,aggregation,168.37,0.0524,25.4761,3,337.3,0.2095
313,4,13.7779,sensor_data,332.79,0.0734,20.8432,3,191.3,0.2935
314,13,13.8047,control_signal,458.51,0.037,19.7162,2,198.6,0.1482
315,5,13.8328,aggregation,386.25,0.1225,27.8353,1,322.4,0.49
316,12,13.8514,alert,401.12,0.0219,19.7046,4,228.0,0.0877
317,9,13.906,image_processing,244.84,0.0983,24.0562,4,469.8,0.3932
318,10,13.925,sensor_data,259.56,0.0399,22.4973,1,282.4,0.1597
319,0,13.9699,image_processing,201.34,0.1651,26.3356,2,65.5,0.6605
320,5,13.9998,sensor_data,348.3,0.0279,19.2185,2,242.0,0.1115
321,6,14.0279,control_signal,242.25,0.0292,18.78,3,52.9,0.1168
322,13,14.1624,control_signal,266.65,0.0253,17.9919,1,447.3,0.1012
323,9,14.2628,alert,19.51,0.0274,18.0094,2,297.9,0.1094
324,6,14.3074,image_processing,154.58,0.1648,28.2728,4,306.7,0.6593
325,13,14.3632,sensor_data,450.42,0.079,23.9412,3,108.9,0.316
326,10,14.3702,sensor_data,61.03,0.0743,25.018,1,82.2,0.2973
327,14,14.3919,sensor_data,280.66,0.0157,24.4576,4,179.3,0.0626
328,7,14.4528,control_signal,60.16,0.0448,18.1528,1,422.5,0.1792
329,8,14.5007,control_signal,378.03,0.0326,20.4854,1,78.5,0.1306
330,6,14.5118,control_signal,230.18,0.0365,18.9385,1,312.2,0.1459
331,4,14.6571,control_signal,488.19,0.0356,17.9418,3,134.0,0.1422
332,0,14.6589,alert,437.65,0.0103,18.3142,3,131.5,0.0414
333,10,14.711,sensor_data,26.05,0.0279,26.5444,3,407.1,0.1116
334,1,14.7155,control_signal,273.13,0.0223,21.1882,3,411.8,0.0892
335,4,14.8305,aggregation,361.82,0.0872,28.9009,1,444.8,0.3486
336,0,14.8346,control_signal,83.42,0.041,19.1956,1,295.2,0.164
337,8,14.9072,aggregation,237.93,0.0385,25.1511,5,178.9,0.1539
338,14,14.9157,image_processing,346.07,0.114,27.4513,2,245.4,0.4559
339,10,15.1282,aggregation,499.15,0.1252,31.1837,2,422.8,0.5007
340,12,15.1552,control_signal,429.8,0.0069,19.7742,1,373.4,0.0276
341,13,15.2102,control_signal,73.58,0.021,20.6722,4,122.2,0.084
342,13,15.256,control_signal,51.33,0.0497,20.675,1,84.6,0.199
343,4,15.2874,sensor_data,227.97,0.0667,23.1081,3,296.3,0.2667
344,10,15.3548,sensor_data,181.65,0.06,27.336,1,108.0,0.2399
345,3,15.3895,sensor_data,317.45,0.0341,26.9694,2,418.7,0.1364
346,3,15.5177,aggregation,468.03,0.0304,30.4752,4,444.4,0.1215
347,13,15.5206,alert,313.08,0.0338,20.1731,1,143.1,0.1354
348,8,15.7714,control_signal,460.98,0.0384,22.1316,1,484.2,0.1535
349,11,15.8101,control_signal,44.45,0.0263,22.1711,1,61.5,0.1053
350,7,15.8239,aggregation,288.59,0.0453,26.8208,1,387.4,0.1812
351,14,15.8514,image_processing,264.6,0.1719,28.8688,4,134.5,0.6877
352,1,15.9095,sensor_data,348.86,0.0136,27.1569,5,195.0,0.0545
353,14,15.9562,sensor_data,275.51,0.0619,22.6556,3,502.2,0.2477
354,11,16.0539,control_signal,81.85,0.0264,21.409,2,181.2,0.1056
355,10,16.1604,control_signal,299.36,0.028,19.8229,1,384.3,0.1122
356,2,16.2046,image_processing,166.85,0.0831,26.3806,1,267.9,0.3326
357,8,16.2783,aggregation,85.58,0.1398,28.7043,3,318.9,0.5593
358,3,16.3098,aggregation,186.08,0.0923,31.5369,2,133.3,0.3691
359,8,16.3151,aggregation,401.02,0.0488,32.5416,3,59.0,0.1954
360,4,16.3406,sensor_data,194.05,0.0517,27.7752,4,125.5,0.2068
361,14,16.3544,alert,83.82,0.0068,21.5818,1,408.2,0.0273
362,8,16.4466,control_signal,159.43,0.0051,21.4893,1,333.5,0.0204
363,4,16.4574,control_signal,101.51,0.0316,20.9744,1,159.4,0.1266
364,0,16.517,alert,192.28,0.0366,22.0111,3,312.1,0.1463
365,2,16.6233,aggregation,157.87,0.0584,28.9944,1,195.4,0.2334
366,13,16.6296,image_processing,196.86,0.0932,26.2941,2,306.3,0.3726
367,3,16.674,control_signal,330.17,0.0429,23.5687,3,293.9,0.1716
368,5,16.7961,control_signal,414.01,0.0313,19.9759,2,241.6,0.1251
369,14,16.8203,alert,84.14,0.0389,20.345,1,354.2,0.1557
370,14,16.8433,control_signal,327.47,0.0458,20.9578,1,279.0,0.183
371,13,16.8744,sensor_data,415.96,0.0475,23.5392,5,262.1,0.1902
372,9,16.884,aggregation,147.3,0.059,33.7996,4,101.8,0.2359
373,0,16.8924,control_signal,426.71,0.029,21.9921,5,99.5,0.1161
374,4,17.0378,alert,429.54,0.0218,21.5196,4,58.7,0.087
375,12,17.1502,sensor_data,74.02,0.0533,25.373,2,240.2,0.2131
376,2,17.1778,aggregation,262.71,0.0686,31.8897,4,106.4,0.2743
377,11,17.1929,control_signal,156.29,0.0185,21.9178,4,163.3,0.0741
378,1,17.2558,sensor_data,369.34,0.0641,28.2097,3,384.6,0.2565
379,12,17.4593,sensor_data,387.6,0.0264,26.3146,2,352.1,0.1056
380,7,17.5607,sensor_data,434.19,0.0163,27.2242,1,219.1,0.0652
381,10,17.5834,control_signal,251.8,0.0063,24.5421,2,177.0,0.0253
382,14,17.6144,control_signal,44.54,0.0377,21.7495,3,50.8,0.1506
383,5,17.6657,sensor_data,387.18,0.0275,27.8884,3,61.3,0.1101
384,10,17.7008,image_processing,408.63,0.1091,25.8948,1,355.2,0.4365
385,12,17.716,aggregation,292.18,0.0345,32.1461,2,454.9,0.1378
386,2,17.731,alert,412.47,0.0347,21.303,1,276.0,0.1388
387,8,17.7817,control_signal,426.43,0.0355,23.9441,5,360.5,0.142
388,11,17.9452,sensor_data,442.94,0.0739,27.4515,1,279.5,0.2956
389,13,17.9542,aggregation,489.24,0.0543,29.6449,2,134.0,0.2173
390,4,18.0098,alert,493.43,0.0268,23.7789,3,373.4,0.1072
391,6,18.1326,alert,62.13,0.035,21.786,5,449.2,0.14
392,4,18.1332,sensor_data,150.52,0.0427,25.3951,1,303.8,0.1708
393,7,18.1589,sensor_data,469.92,0.0459,24.6664,3,465.6,0.1834
394,1,18.222,sensor_data,105.62,0.0695,25.5384,1,176.1,0.2778
395,0,18.3284,sensor_data,327.77,0.0328,25.2273,1,207.2,0.1313
396,10,18.4602,control_signal,10.45,0.0149,22.2629,2,68.0,0.0598
397,3,18.4759,control_signal,115.39,0.0498,25.1495,2,264.2,0.1991
398,12,18.4792,aggregation,214.2,0.0451,29.4748,4,457.5,0.1806
399,2,18.4952,control_signal,346.2,0.0308,22.1179,5,260.1,0.1234
400,1,18.533,sensor_data,176.77,0.0386,29.2093,4,176.4,0.1544
401,0,18.5454,control_signal,147.81,0.0188,21.6851,3,115.7,0.0752
402,1,18.5655,control_signal,472.62,0.0085,25.064,1,401.2,0.034
403,11,18.6319,aggregation,149.9,0.1496,31.4149,2,445.7,0.5985
404,10,18.6327,sensor_data,428.72,0.0271,28.7218,2,358.9,0.1085
405,11,18.7159,sensor_data,390.11,0.0435,27.3902,5,255.3,0.174
406,5,18.7169,alert,52.36,0.0097,22.6077,2,127.3,0.0387
407,0,18.7617,alert,309.83,0.0328,22.4994,5,311.9,0.1311
408,2,18.7644,alert,82.82,0.0257,23.2843,2,300.9,0.1027
409,0,18.7794,control_signal,174.94,0.0326,22.06,4,169.8,0.1302
410,9,18.8067,sensor_data,178.2,0.0322,30.2197,1,470.1,0.1286
411,0,18.9085,aggregation,74.29,0.1118,29.3048,3,146.8,0.4473
412,3,18.9186,aggregation,27.85,0.0643,29.4913,2,335.1,0.2572
413,12,19.1005,image_processing,269.6,0.0933,26.6739,2,272.9,0.3732
414,13,19.2024,sensor_data,41.96,0.0391,31.1285,5,281.8,0.1562
415,1,19.2061,sensor_data,224.82,0.0745,27.7574,1,354.4,0.2982
416,8,19.2066,control_signal,204.69,0.0369,24.7829,1,256.3,0.1477
417,8,19.2145,control_signal,50.14,0.0084,23.9369,1,352.8,0.0335
418,4,19.2601,image_processing,483.8,0.19,29.9426,4,197.3,0.7598
419,13,19.5488,aggregation,250.63,0.0464,35.0252,1,176.7,0.1857
420,14,19.5654,alert,244.81,0.0114,23.128,4,400.2,0.0454
421,1,19.6309,sensor_data,236.69,0.0246,24.9533,4,387.1,0.0984
422,6,19.6348,sensor_data,263.58,0.0405,28.6879,3,284.6,0.1621
423,13,19.7078,image_processing,125.82,0.1314,25.8352,2,299.7,0.5255
424,8,19.8009,aggregation,354.98,0.063,35.1201,2,235.8,0.2518
425,0,19.9046,control_signal,455.4,0.0236,26.0519,3,188.3,0.0945
426,10,20.01,aggregation,46.11,0.0699,36.6224,1,106.8,0.2795
427,0,20.087,control_signal,144.72,0.0446,24.7869,2,232.4,0.1782
428,4,20.091,control_signal,389.96,0.0345,23.6374,1,387.9,0.1381
429,9,20.1295,aggregation,475.29,0.045,30.8235,2,341.2,0.1802
430,0,20.1499,control_signal,143.01,0.0277,26.6948,4,355.9,0.111
431,7,20.1719,control_signal,226.84,0.0182,24.1233,3,250.2,0.0728
432,3,20.2764,sensor_data,281.67,0.0509,28.9116,1,364.4,0.2037
433,10,20.3772,alert,302.45,0.0177,23.8265,3,207.2,0.0709
434,12,20.432,aggregation,202.98,0.0431,35.9923,5,154.0,0.1723
435,14,20.4437,control_signal,349.08,0.0249,24.5186,2,152.0,0.0996
436,7,20.4953,image_processing,151.36,0.1751,30.486,1,455.8,0.7003
437,11,20.5088,aggregation,69.63,0.0987,37.5443,3,150.1,0.3946
438,1,20.5783,sensor_data,168.75,0.0371,32.1665,4,396.0,0.1485
439,8,20.5873,sensor_data,200.94,0.0744,28.4428,1,177.4,0.2977
440,13,20.6427,sensor_data,247.63,0.0339,27.1555,3,182.5,0.1356
441,11,20.665,aggregation,132.95,0.1056,36.9655,3,121.0,0.4223
442,5,20.6694,aggregation,430.59,0.1058,32.1723,1,325.0,0.4232
443,9,20.734,image_processing,301.64,0.1438,33.1393,4,352.9,0.5751
444,10,20.7399,control_signal,490.51,0.0384,24.6915,1,159.3,0.1535
445,0,20.9399,image_processing,360.17,0.1092,29.8271,1,123.5,0.4366
446,7,20.9707,control_signal,191.52,0.0156,24.0077,2,64.4,0.0624
447,6,20.9873,sensor_data,165.35,0.0539,26.4829,4,319.0,0.2155
448,6,20.9967,sensor_data,457.86,0.0246,31.6798,5,153.5,0.0983
449,3,21.0308,alert,173.07,0.0106,24.9524,3,137.6,0.0425
450,13,21.0959,control_signal,354.85,0.0053,27.5157,2,325.1,0.0212
451,7,21.179,control_signal,183.06,0.0126,26.0636,3,150.8,0.0503
452,9,21.2202,aggregation,225.4,0.05,31.571,4,350.7,0.2
453,11,21.3787,aggregation,270.57,0.0783,33.2583,1,385.5,0.3134
454,2,21.4513,control_signal,304.42,0.0278,26.3982,2,474.8,0.1112
455,6,21.4597,aggregation,321.15,0.1355,36.4958,3,250.9,0.542
456,4,21.6111,sensor_data,427.3,0.0118,26.6633,1,292.5,0.0471
457,1,21.63,sensor_data,103.15,0.0239,32.9001,4,402.5,0.0955
458,3,21.7891,control_signal,130.43,0.0192,26.3809,5,156.1,0.0769
459,11,21.8036,aggregation,120.51,0.0491,39.6456,2,308.1,0.1964
460,1,21.8283,aggregation,279.32,0.063,36.2224,3,75.6,0.2518
461,14,21.8819,control_signal,81.01,0.0123,26.0901,5,287.0,0.049
462,9,21.8853,alert,154.22,0.0147,26.3949,2,259.2,0.0587
463,13,22.0086,sensor_data,249.11,0.0789,28.5719,1,211.7,0.3156
464,10,22.0296,control_signal,35.27,0.0312,26.6964,5,241.1,0.1246
465,12,22.0417,aggregation,152.33,0.08,39.5406,2,400.6,0.3198
466,5,22.0446,alert,347.8,0.0398,26.7114,3,432.5,0.1593
467,3,22.0458,image_processing,21.17,0.1476,30.4022,3,431.4,0.5904
468,6,22.0471,control_signal,419.97,0.018,27.0871,1,332.8,0.0719
469,14,22.065,aggregation,463.93,0.1423,32.9986,3,404.2,0.5693
470,0,22.0821,sensor_data,221.51,0.0536,29.2299,3,305.3,0.2143
471,13,22.1298,control_signal,459.18,0.0248,25.9851,5,188.4,0.0991
472,2,22.237,control_signal,255.02,0.0265,28.735,1,68.4,0.106
473,3,22.2919,control_signal,285.85,0.0429,27.7778,2,479.4,0.1717
474,4,22.3429,aggregation,448.2,0.1375,36.2096,1,354.2,0.55
475,7,22.3688,control_signal,40.75,0.0263,26.2381,1,200.0,0.1053
476,8,22.4141,sensor_data,470.37,0.0311,34.3525,1,241.8,0.1245
477,9,22.4516,sensor_data,375.68,0.0613,30.0162,1,203.3,0.2454
478,10,22.4541,sensor_data,95.45,0.0686,27.7821,1,138.8,0.2744
479,3,22.4667,control_signal,332.37,0.0277,27.5799,2,51.5,0.1108
480,10,22.4788,control_signal,269.93,0.044,25.5694,4,314.5,0.1759
481,10,22.4824,sensor_data,340.71,0.0577,28.3393,4,500.1,0.2309
482,6,22.5038,alert,136.08,0.0314,27.1324,1,128.6,0.1255
483,11,22.5066,sensor_data,35.52,0.0219,27.6446,5,83.7,0.0876
484,1,22.577,sensor_data,456.38,0.0272,34.3158,2,257.3,0.1086
485,13,22.6491,alert,70.11,0.0063,26.5276,1,309.1,0.0253
486,1,22.6541,control_signal,77.44,0.0266,27.4232,1,139.2,0.1065
487,8,22.6581,control_signal,208.91,0.041,29.3199,2,379.2,0.164
488,9,22.8046,control_signal,286.77,0.0098,27.555,1,185.5,0.0394
489,8,22.8193,alert,330.0,0.0141,27.2016,2,143.1,0.0566
490,1,22.8522,aggregation,136.48,0.0875,33.3494,4,397.3,0.3501
491,4,22.881,image_processing,219.05,0.1523,32.2643,1,350.7,0.609
492,8,22.9406,control_signal,34.37,0.0449,27.4145,2,451.9,0.1794
493,6,22.9891,image_processing,438.87,0.1388,36.6398,4,447.2,0.5554
494,5,23.0962,aggregation,97.12,0.0993,38.8537,3,492.4,0.3971
495,9,23.105,alert,107.86,0.0395,27.2402,1,412.7,0.1581
496,8,23.1534,alert,229.7,0.0263,27.1497,4,358.7,0.1052
497,11,23.1735,aggregation,128.29,0.1,41.1046,1,92.8,0.4001
498,8,23.2069,sensor_data,16.01,0.0608,30.555,3,511.4,0.2433
499,4,23.4009,control_signal,218.45,0.0133,27.5279,1,210.3,0.0531
500,9,23.4262,alert,459.79,0.0189,26.5463,2,201.6,0.0754
501,13,23.4814,control_signal,30.17,0.0335,29.9367,1,117.6,0.1342
502,9,23.5113,image_processing,385.26,0.1325,32.2618,3,164.0,0.5301
503,3,23.5205,control_signal,350.58,0.0211,29.6229,3,433.2,0.0844
504,4,23.5214,alert,295.39,0.0065,29.1277,1,82.1,0.0259
505,7,23.5944,aggregation,109.85,0.1198,38.9239,5,398.0,0.4794
506,9,23.5989,sensor_data,301.86,0.0733,35.0971,2,218.0,0.2932
507,6,23.6081,aggregation,79.67,0.1074,34.2262,5,458.6,0.4294
508,14,23.6508,sensor_data,164.69,0.0649,34.4484,1,510.6,0.2595
509,2,23.6683,control_signal,344.08,0.0319,29.2692,1,383.4,0.1275
510,3,23.6969,aggregation,393.87,0.0563,39.2706,1,159.9,0.2252
511,6,23.7262,aggregation,233.21,0.0403,35.2523,5,309.6,0.1613
512,5,23.7274,image_processing,211.71,0.1356,33.1972,2,200.5,0.5426
513,1,23.8306,sensor_data,108.59,0.0129,33.6033,2,117.7,0.0514
514,8,24.0204,aggregation,120.99,0.0726,35.3278,4,173.7,0.2902
515,1,24.0525,aggregation,366.38,0.0697,35.5623,2,64.5,0.279
516,14,24.0718,control_signal,249.82,0.0209,28.611,4,52.8,0.0836
517,0,24.1781,image_processing,410.52,0.1575,37.7833,5,327.7,0.6301
518,5,24.2032,sensor_data,368.52,0.0561,32.1917,1,433.5,0.2242
519,0,24.2487,control_signal,73.29,0.0475,27.8709,4,428.2,0.1899
520,11,24.3455,image_processing,182.5,0.1125,36.9587,2,255.9,0.4499
521,2,24.3657,control_signal,95.53,0.0309,30.3557,5,295.0,0.1234
522,2,24.4558,sensor_data,345.8,0.0234,29.9005,1,99.1,0.0937
523,10,24.5093,aggregation,400.11,0.0366,40.9875,1,289.5,0.1465
524,1,24.5574,sensor_data,111.79,0.0144,36.1687,3,109.3,0.0576
525,5,24.64,control_signal,499.44,0.0253,29.9324,1,50.1,0.1012
526,5,24.6407,alert,441.46,0.0359,30.3784,1,240.4,0.1437
527,5,24.6581,aggregation,126.2,0.0675,39.964,2,447.5,0.2701
528,3,24.6687,image_processing,134.9,0.1168,30.8569,1,284.2,0.467
529,13,24.6841,control_signal,187.63,0.0332,31.1837,1,234.8,0.1327
530,11,24.7038,sensor_data,239.36,0.0171,33.4641,2,100.9,0.0683
531,4,24.7159,image_processing,81.34,0.1011,32.2578,3,255.0,0.4045
532,3,24.7438,sensor_data,458.47,0.0571,31.7157,2,141.6,0.2286
533,6,24.7603,image_processing,422.3,0.1773,33.5054,2,210.2,0.7091
534,12,24.7866,aggregation,191.0,0.0657,39.64,1,494.4,0.263
535,10,24.817,sensor_data,279.81,0.0519,34.0162,1,498.9,0.2076
536,9,24.8297,sensor_data,41.53,0.0418,31.8447,2,131.4,0.1673
537,3,24.8751,sensor_data,173.11,0.0715,31.9944,3,119.0,0.2861
538,13,24.9301,alert,467.05,0.0085,28.4542,1,356.0,0.0342
539,5,25.003,control_signal,82.54,0.0137,31.52,1,281.6,0.0549
540,12,25.0138,alert,341.6,0.0095,30.9605,4,397.5,0.0379
541,3,25.0602,sensor_data,361.31,0.0369,32.3306,3,489.2,0.1477
542,8,25.1244,control_signal,219.1,0.027,30.5793,4,320.1,0.1081
543,7,25.1266,control_signal,458.48,0.0306,30.661,2,315.4,0.1226
544,7,25.1533,sensor_data,456.1,0.0147,36.4343,2,307.1,0.0588
545,11,25.1978,control_signal,357.43,0.0319,29.9144,1,378.4,0.1276
546,4,25.2117,sensor_data,225.82,0.0539,31.7996,4,329.8,0.2156
547,13,25.2978,control_signal,324.41,0.0249,29.5449,3,54.8,0.0997
548,9,25.3584,aggregation,158.79,0.1222,35.8302,2,133.1,0.489
549,7,25.3673,sensor_data,337.66,0.015,31.1598,1,378.7,0.0599
550,0,25.3952,sensor_data,394.14,0.0374,35.974,2,337.7,0.1496
551,1,25.5521,control_signal,222.96,0.0311,28.8772,1,458.1,0.1245
552,6,25.5895,sensor_data,109.43,0.0352,32.6106,5,419.4,0.1409
553,0,25.656,control_signal,17.54,0.0386,30.3301,2,110.1,0.1544
554,3,25.7718,sensor_data,332.01,0.028,37.015,4,334.2,0.112
555,14,25.7995,image_processing,262.79,0.1234,36.1926,5,126.2,0.4936
556,8,25.8041,aggregation,192.78,0.0744,42.7447,1,319.8,0.2976
557,3,25.8157,sensor_data,105.69,0.0111,31.3045,4,462.1,0.0443
558,8,25.8467,control_signal,377.24,0.029,32.2691,1,107.2,0.1162
559,14,25.8742,image_processing,413.6,0.1825,32.3039,1,79.2,0.73
560,11,25.9121,sensor_data,421.26,0.039,37.2392,1,334.6,0.1561
561,7,25.9738,aggregation,346.16,0.0961,43.8379,1,141.6,0.3842
562,12,26.045,image_processing,384.06,0.0918,32.8476,1,81.7,0.3672
563,4,26.0949,image_processing,328.75,0.1761,39.1474,2,468.7,0.7042
564,4,26.2288,control_signal,448.88,0.0449,31.952,1,490.0,0.1796
565,12,26.3979,sensor_data,196.57,0.0568,37.7964,3,345.8,0.227
566,11,26.459,image_processing,99.74,0.1616,33.0001,5,497.5,0.6464
567,4,26.5501,image_processing,382.24,0.0844,35.6097,4,89.7,0.3377
568,9,26.5742,control_signal,36.05,0.0272,30.533,1,470.8,0.1088
569,9,26.581,aggregation,212.51,0.1418,40.3409,2,334.7,0.5673
570,5,26.6204,aggregation,128.97,0.1262,43.6271,2,153.2,0.5046
571,12,26.7416,control_signal,364.72,0.0369,31.9375,1,509.9,0.1474
572,14,26.7491,sensor_data,371.41,0.0706,33.4541,4,426.4,0.2825
573,13,26.7696,aggregation,348.45,0.0856,43.3295,1,102.8,0.3423
574,11,26.8163,sensor_data,333.2,0.0464,38.1671,2,241.2,0.1854
575,11,26.8432,sensor_data,259.29,0.0632,35.7936,3,375.8,0.2529
576,12,26.8457,control_signal,46.6,0.039,31.9007,3,381.0,0.1559
577,7,27.0401,sensor_data,108.93,0.0656,34.1419,2,239.4,0.2623
578,10,27.0765,aggregation,189.45,0.1165,38.4684,1,367.3,0.466
579,5,27.0902,control_signal,338.76,0.0286,33.2575,1,203.8,0.1146
580,9,27.1135,sensor_data,261.18,0.0167,38.2314,2,141.7,0.067
581,10,27.1148,alert,288.03,0.0166,30.927,2,460.8,0.0666
582,14,27.1525,control_signal,497.48,0.0095,33.2939,4,60.9,0.038
583,14,27.2295,control_signal,294.89,0.007,33.5127,2,306.2,0.0278
584,3,27.2673,sensor_data,369.87,0.0121,36.7894,3,203.4,0.0486
585,8,27.3368,aggregation,105.62,0.1159,38.3632,3,183.7,0.4635
586,1,27.3684,control_signal,307.62,0.0125,32.2796,1,379.2,0.0498
587,5,27.4366,control_signal,394.75,0.019,31.3306,5,277.5,0.0761
588,0,27.4697,control_signal,51.58,0.0121,33.8407,5,321.9,0.0484
589,6,27.5175,sensor_data,390.8,0.0693,32.7104,1,438.4,0.2773
590,7,27.6075,control_signal,77.8,0.0425,30.7168,4,264.8,0.17
591,8,27.813,image_processing,153.2,0.1563,38.8013,1,494.1,0.625
592,1,27.8382,sensor_data,301.35,0.0291,34.6872,4,409.1,0.1163
593,4,27.9994,image_processing,14.57,0.1151,37.7255,3,189.7,0.4606
594,8,28.0047,control_signal,439.95,0.0419,34.2738,1,508.5,0.1675
595,8,28.0472,control_signal,141.09,0.0189,32.0445,3,160.8,0.0757
596,5,28.0801,sensor_data,301.22,0.0685,37.9293,1,427.0,0.2741
597,13,28.1205,control_signal,337.04,0.0169,31.3487,2,351.2,0.0676
598,5,28.2069,sensor_data,220.81,0.0421,33.526,3,302.3,0.1682
599,2,28.23,control_signal,17.07,0.0351,32.4655,1,279.9,0.1403
600,4,28.4266,sensor_data,150.37,0.0268,38.8362,3,419.2,0.1074
601,10,28.4638,alert,497.75,0.0066,33.0701,5,152.1,0.0266
602,11,28.5322,alert,255.43,0.0106,33.53,2,432.3,0.0424
603,14,28.5738,alert,30.93,0.0283,32.6724,2,488.9,0.1134
604,7,28.6083,control_signal,454.89,0.036,35.4618,3,223.8,0.1438
605,8,28.6353,sensor_data,411.23,0.0671,39.6639,2,104.9,0.2685
606,8,28.6364,control_signal,331.13,0.0077,33.6311,4,411.7,0.031
607,10,28.8203,image_processing,14.97,0.1712,40.4462,3,105.7,0.6848
608,0,28.869,control_signal,474.9,0.042,34.8444,5,462.7,0.1682
609,8,28.9982,control_signal,436.83,0.0445,35.3527,1,104.0,0.1781
610,13,29.1874,control_signal,70.98,0.0216,34.0114,1,509.3,0.0864
611,11,29.2599,image_processing,117.85,0.1895,37.5364,2,259.4,0.7579
612,0,29.2823,aggregation,200.25,0.1496,43.5119,2,94.4,0.5984
613,3,29.312,control_signal,277.07,0.0276,34.0394,4,154.1,0.1104
614,0,29.3167,control_signal,406.01,0.011,34.5986,4,343.4,0.0442
615,11,29.4276,sensor_data,172.88,0.0208,37.2375,4,274.9,0.0833
616,3,29.4826,control_signal,34.67,0.0111,36.157,1,134.5,0.0446
617,1,29.6112,aggregation,185.29,0.0928,44.618,1,445.5,0.3713
618,2,29.7246,control_signal,56.92,0.0308,33.0578,4,277.1,0.1231
619,1,29.7265,control_signal,42.51,0.0207,35.6435,1,334.7,0.0828
620,9,29.8091,image_processing,273.39,0.1249,36.3297,3,114.5,0.4998
621,3,29.816,sensor_data,419.23,0.0238,40.7291,2,496.6,0.0954
622,14,29.8195,control_signal,51.57,0.0215,35.2208,2,170.7,0.0862
623,6,29.8727,image_processing,199.49,0.1294,41.9741,1,448.8,0.5176
624,0,29.9012,control_signal,177.44,0.0214,35.6488,1,196.8,0.0856
625,4,29.9749,control_signal,67.16,0.0052,35.1141,1,346.2,0.021
626,10,30.128,control_signal,478.88,0.0198,34.1156,1,134.6,0.0793
627,10,30.1538,sensor_data,56.98,0.0233,36.2507,3,332.8,0.093
628,9,30.197,aggregation,369.27,0.0692,47.5444,4,383.1,0.2767
629,4,30.1971,alert,57.54,0.0149,34.4647,2,69.9,0.0596
630,0,30.2079,image_processing,177.14,0.1627,40.7027,3,461.9,0.6509
631,5,30.2604,sensor_data,179.39,0.0522,38.4819,3,503.2,0.2087
632,6,30.261,alert,495.41,0.02,34.5376,3,215.9,0.0799
633,10,30.31,alert,268.63,0.0201,33.4202,4,355.2,0.0803
634,2,30.3565,aggregation,315.21,0.1163,42.4568,3,438.0,0.4653
635,9,30.3611,control_signal,31.63,0.0138,35.3049,2,414.2,0.0551
636,2,30.4827,sensor_data,254.18,0.0793,39.0242,3,135.9,0.3171
637,7,30.5507,control_signal,152.05,0.0355,35.1337,1,440.9,0.1419
638,0,30.6628,aggregation,131.36,0.0758,45.4523,1,296.4,0.3034
639,0,30.6706,sensor_data,227.88,0.0237,38.7251,1,311.1,0.0947
640,2,30.7363,sensor_data,162.68,0.0179,39.1351,2,250.4,0.0718
641,9,30.756,image_processing,120.57,0.1388,43.3039,2,84.7,0.5552
642,6,30.8985,sensor_data,323.64,0.0687,39.8599,1,67.2,0.2747
643,3,30.9296,aggregation,469.41,0.05,41.6589,5,334.7,0.2002
644,5,30.9747,aggregation,184.94,0.0546,44.4098,5,474.9,0.2183
645,9,30.9899,sensor_data,130.21,0.0178,39.3653,4,113.9,0.071
646,0,31.02,aggregation,46.57,0.0844,47.727,4,67.2,0.3376
647,5,31.0853,control_signal,300.92,0.0258,34.9704,1,66.3,0.103
648,10,31.135,control_signal,39.07,0.0345,37.1347,4,174.0,0.1382
649,4,31.1357,alert,284.76,0.008,36.6516,2,497.5,0.0321
650,5,31.1374,image_processing,454.82,0.1664,44.5656,5,110.8,0.6655
651,14,31.166,aggregation,146.64,0.1265,46.321,5,144.4,0.5062
652,7,31.2365,sensor_data,53.54,0.0213,41.2942,3,442.1,0.0853
653,2,31.2802,alert,424.52,0.0298,34.7506,5,120.5,0.1193
654,10,31.2896,sensor_data,249.48,0.0472,41.235,3,156.7,0.1888
655,11,31.3656,alert,302.81,0.0353,34.6953,1,441.1,0.1411
656,8,31.5234,sensor_data,479.23,0.0275,39.5813,2,266.9,0.11
657,7,31.5426,aggregation,175.1,0.0755,44.962,1,379.8,0.3019
658,13,31.5731,image_processing,149.19,0.1857,41.1873,3,491.1,0.7428
659,5,31.6006,aggregation,388.54,0.0894,47.1111,5,402.6,0.3575
660,6,31.6169,control_signal,471.95,0.0275,35.9296,2,268.1,0.11
661,9,31.6368,alert,73.23,0.0274,36.197,4,215.9,0.1095
662,6,31.6535,control_signal,441.77,0.0299,37.4618,1,499.7,0.1196
663,12,31.663,aggregation,155.08,0.0641,43.2988,4,184.6,0.2565
664,6,31.6658,aggregation,379.02,0.1346,46.9344,1,455.4,0.5386
665,14,31.6816,control_signal,108.8,0.0108,38.5866,1,339.2,0.0431
666,4,31.7832,control_signal,398.67,0.0321,37.8191,1,307.3,0.1282
667,1,31.8014,aggregation,11.18,0.0493,43.4628,2,139.9,0.1973
668,10,31.814,image_processing,113.8,0.1051,43.0068,1,400.5,0.4202
669,1,31.8868,sensor_data,87.17,0.0763,40.6268,2,143.7,0.3051
670,13,31.911,sensor_data,338.05,0.0339,40.6057,4,87.0,0.1355
671,8,31.978,control_signal,238.69,0.0102,36.5579,1,240.0,0.0406
672,6,32.0323,control_signal,200.38,0.0462,37.4289,2,195.2,0.185
673,12,32.0867,image_processing,456.33,0.149,42.0459,4,425.5,0.596
674,3,32.1038,control_signal,345.02,0.0361,36.9783,4,186.4,0.1442
675,1,32.1437,control_signal,336.97,0.0271,36.2379,3,268.1,0.1083
676,10,32.2796,sensor_data,372.03,0.0599,38.8544,3,173.2,0.2396
677,11,32.3432,sensor_data,370.63,0.0699,39.0898,5,450.2,0.2795
678,6,32.4003,sensor_data,66.36,0.0794,41.3794,1,415.1,0.3177
679,11,32.4287,sensor_data,381.11,0.0273,39.8624,2,451.2,0.1091
680,11,32.4833,image_processing,332.94,0.1866,40.5196,1,507.9,0.7465
681,9,32.5176,control_signal,88.63,0.0349,38.9142,4,55.7,0.1397
682,6,32.526,sensor_data,458.27,0.0362,41.6307,2,317.6,0.1447
683,13,32.5426,image_processing,471.97,0.1728,38.8684,1,322.0,0.691
684,8,32.5506,aggregation,378.53,0.0478,43.9855,1,266.9,0.1913
685,5,32.6018,aggregation,158.94,0.1081,44.2866,5,257.3,0.4326
686,0,32.6065,control_signal,158.32,0.0204,39.6045,1,287.0,0.0816
687,7,32.6108,control_signal,355.27,0.0173,39.5804,1,257.3,0.0693
688,2,32.6209,control_signal,374.0,0.0314,37.6436,4,164.0,0.1257
689,0,32.6432,image_processing,424.44,0.1422,40.7139,1,308.5,0.5686
690,10,32.6515,control_signal,421.54,0.0439,36.6126,1,123.9,0.1754
691,7,32.7129,alert,438.96,0.0349,36.1466,1,259.1,0.1396
692,5,32.7491,control_signal,348.26,0.0475,37.5018,3,281.8,0.19
693,5,32.9884,sensor_data,270.92,0.0729,42.8836,3,330.2,0.2915
694,6,33.1482,sensor_data,484.77,0.041,43.4515,5,429.2,0.1642
695,0,33.1817,sensor_data,244.72,0.0625,39.4281,1,51.6,0.2498
696,14,33.2115,image_processing,349.56,0.1416,41.2447,2,421.1,0.5666
697,8,33.2171,image_processing,141.02,0.1219,41.1723,1,232.0,0.4876
698,0,33.2943,control_signal,368.76,0.0172,36.9337,1,450.1,0.0689
699,2,33.4593,control_signal,360.45,0.0099,36.4997,1,285.4,0.0395
700,1,33.4901,image_processing,427.31,0.095,42.7855,1,173.3,0.3802
701,14,33.5641,aggregation,219.68,0.0628,43.587,1,470.3,0.2512
702,9,33.565,sensor_data,341.85,0.0241,43.4647,1,457.0,0.0964
703,0,33.9108,sensor_data,69.8,0.0655,40.7512,3,416.8,0.2619
704,5,33.9157,control_signal,176.13,0.0418,37.7401,3,96.2,0.1673
705,9,33.9865,control_signal,162.58,0.0062,40.6531,3,507.0,0.0246
706,10,33.989,sensor_data,303.89,0.0465,41.6275,5,414.1,0.1859
707,10,34.0051,sensor_data,76.54,0.0333,45.1898,4,167.8,0.1331
708,10,34.0239,aggregation,423.94,0.0872,45.5622,2,198.2,0.349
709,9,34.0734,sensor_data,77.23,0.0405,43.8548,2,462.0,0.1618
710,0,34.0765,sensor_data,300.96,0.0562,45.2905,4,152.9,0.2249
711,11,34.0976,alert,283.4,0.038,39.7555,2,258.4,0.1519
712,0,34.1089,image_processing,146.93,0.1782,43.7589,2,106.9,0.7127
713,5,34.1146,aggregation,315.27,0.0968,45.9874,5,106.5,0.3872
714,6,34.1934,sensor_data,306.93,0.0217,42.9145,1,121.5,0.0867
715,6,34.216,image_processing,317.12,0.1174,45.2586,4,391.8,0.4695
716,12,34.2205,sensor_data,195.72,0.0415,41.9755,2,109.7,0.1658
717,9,34.2474,sensor_data,144.81,0.0373,39.4894,4,317.0,0.149
718,12,34.2565,sensor_data,58.16,0.0698,44.829,5,56.8,0.2791
719,11,34.2566,sensor_data,303.3,0.0655,41.5798,2,78.0,0.2619
720,0,34.2617,control_signal,267.67,0.0094,39.7053,2,369.7,0.0377
721,5,34.3177,control_signal,455.89,0.0172,40.4272,2,87.6,0.0688
722,11,34.3177,image_processing,31.55,0.1296,42.2646,3,470.4,0.5186
723,4,34.3401,sensor_data,417.71,0.0322,43.8403,2,428.7,0.1288
724,5,34.3729,alert,488.78,0.0254,38.7669,2,227.9,0.1016
725,8,34.3868,alert,364.22,0.0242,38.4516,2,227.5,0.0967
726,9,34.4245,control_signal,231.98,0.0345,39.4444,3,400.3,0.138
727,2,34.51,aggregation,360.03,0.075,47.1263,3,341.9,0.2999
728,8,34.5393,aggregation,87.47,0.0528,48.985,2,356.8,0.2112
729,10,34.5668,sensor_data,388.68,0.0366,45.7616,2,488.9,0.1463
730,6,34.5739,aggregation,175.66,0.0502,46.8602,1,281.8,0.2006
731,14,34.6035,control_signal,70.52,0.0335,38.3638,5,354.1,0.1342
732,14,34.712,sensor_data,283.58,0.0123,43.7326,1,447.9,0.0494
733,4,34.7393,sensor_data,313.02,0.0621,43.1967,1,499.9,0.2485
734,6,34.7734,control_signal,491.86,0.0075,40.3181,4,374.4,0.0301
735,1,34.908,image_processing,304.6,0.1667,43.622,1,152.4,0.667
736,6,34.9267,control_signal,191.76,0.0479,41.9091,3,238.4,0.1916
737,4,34.9288,control_signal,170.76,0.0202,38.8623,1,101.9,0.0806
738,3,35.0271,image_processing,268.94,0.0902,43.6252,2,289.1,0.3609
739,1,35.0595,control_signal,343.67,0.0342,40.3134,3,252.3,0.1367
740,5,35.0662,control_signal,170.84,0.0275,38.1704,3,100.2,0.11
741,13,35.0703,control_signal,402.89,0.0343,39.6614,5,492.2,0.1374
742,6,35.1015,control_signal,314.95,0.0324,40.6143,2,79.5,0.1296
743,7,35.175,control_signal,463.88,0.0119,38.6706,1,328.1,0.0478
744,14,35.1764,alert,165.41,0.0234,40.2638,2,427.5,0.0938
745,8,35.1798,aggregation,191.46,0.127,53.0786,3,328.5,0.5081
746,9,35.1851,aggregation,181.17,0.12,52.271,3,179.5,0.4799
747,3,35.193,sensor_data,215.86,0.0626,45.73,2,204.2,0.2503
748,2,35.2397,control_signal,487.63,0.046,39.4756,1,384.1,0.1842
749,9,35.2423,sensor_data,356.31,0.0588,44.7501,5,310.3,0.2351
750,1,35.3316,control_signal,278.79,0.0369,40.3079,3,226.8,0.1475
751,10,35.4495,aggregation,360.5,0.1168,51.1639,4,325.1,0.4673
752,14,35.6833,control_signal,243.84,0.0334,41.551,1,304.1,0.1338
753,10,35.6838,alert,96.1,0.0368,39.7542,3,232.9,0.1473
754,1,35.6939,sensor_data,302.84,0.0476,41.9063,3,407.4,0.1906
755,13,35.7283,alert,285.0,0.0137,41.5819,1,429.2,0.0548
756,2,35.7316,aggregation,483.13,0.1146,53.4821,1,404.1,0.4585
757,13,35.9241,alert,36.73,0.027,40.7173,1,76.7,0.1081
758,1,36.0812,control_signal,400.48,0.0458,41.1557,4,389.5,0.1833
759,2,36.1132,alert,374.14,0.0352,41.3393,5,326.6,0.1409
760,7,36.2067,image_processing,36.38,0.1345,48.6992,1,294.1,0.5381
761,7,36.3036,control_signal,361.89,0.0489,39.3256,1,497.0,0.1958
762,5,36.339,control_signal,493.49,0.0062,41.5525,5,205.8,0.0248
763,14,36.3618,sensor_data,303.85,0.017,45.0171,1,332.8,0.0681
764,13,36.4558,control_signal,70.7,0.0153,40.2954,1,339.2,0.0612
765,6,36.4838,control_signal,464.03,0.0382,43.0319,3,141.2,0.1529
766,1,36.6,control_signal,197.14,0.0483,43.4493,2,285.6,0.1932
767,1,36.6473,control_signal,190.88,0.0491,40.5322,2,107.8,0.1963
768,5,36.6793,image_processing,209.25,0.0968,47.3515,1,55.7,0.3874
769,5,36.7027,control_signal,407.0,0.0078,41.2098,3,487.7,0.0311
770,6,36.7187,aggregation,158.76,0.1098,48.4551,2,418.1,0.4394
771,3,36.7291,sensor_data,66.63,0.0259,48.6833,5,423.8,0.1038
772,12,36.7296,aggregation,380.81,0.055,51.7902,3,175.5,0.2199
773,13,36.7441,control_signal,291.15,0.0198,41.6635,4,405.3,0.0791
774,10,36.7449,control_signal,125.11,0.0265,41.0867,1,206.8,0.1062
775,14,36.7567,control_signal,142.55,0.0307,40.0059,1,346.3,0.1229
776,8,36.9114,alert,296.35,0.0102,42.7852,3,295.5,0.0406
777,11,37.0271,aggregation,348.11,0.1376,50.0888,1,351.2,0.5503
778,5,37.1397,control_signal,152.51,0.048,43.6134,5,196.5,0.192
779,14,37.1584,sensor_data,230.76,0.0696,44.2906,3,110.3,0.2784
780,6,37.298,alert,124.04,0.0287,40.7059,3,122.2,0.1147
781,2,37.3518,sensor_data,56.49,0.0599,47.7101,4,384.5,0.2396
782,5,37.3539,aggregation,283.66,0.1174,52.161,3,511.7,0.4696
783,1,37.3662,sensor_data,429.35,0.0666,47.5761,5,139.2,0.2664
784,2,37.4168,sensor_data,401.04,0.0415,46.4118,5,242.8,0.1658
785,2,37.4251,aggregation,20.68,0.0536,51.7015,2,301.9,0.2145
786,11,37.4306,sensor_data,66.59,0.0351,42.4707,5,476.1,0.1404
787,0,37.4976,alert,348.07,0.0141,41.8068,2,81.1,0.0562
788,6,37.4978,control_signal,332.83,0.0196,41.1497,2,175.1,0.0785
789,3,37.4995,sensor_data,478.43,0.0445,48.0713,1,458.4,0.178
790,10,37.5908,sensor_data,12.76,0.0362,44.9981,5,330.2,0.1448
791,14,37.6071,sensor_data,95.09,0.0481,42.8908,3,287.6,0.1923
792,11,37.733,sensor_data,43.45,0.0521,48.4398,3,380.6,0.2084
793,7,37.805,control_signal,107.09,0.0138,41.6604,2,112.7,0.0552
794,9,37.8587,control_signal,104.01,0.0062,42.1359,5,190.0,0.0248
795,7,37.8787,control_signal,306.87,0.0139,42.3742,4,218.4,0.0554
796,9,37.8868,sensor_data,152.05,0.0693,46.8701,3,428.9,0.277
797,9,37.8904,sensor_data,106.51,0.0791,49.0441,4,327.6,0.3164
798,8,37.9576,sensor_data,273.48,0.0697,47.2337,1,257.1,0.279
799,3,37.9625,image_processing,443.16,0.1654,44.3701,4,302.6,0.6616
800,0,37.972,sensor_data,318.17,0.0138,45.2147,5,215.3,0.0553
801,1,38.008,image_processing,127.32,0.1902,44.1763,3,399.7,0.7608
802,5,38.0098,sensor_data,362.14,0.0529,48.1882,1,123.1,0.2114
803,12,38.0603,control_signal,400.73,0.047,44.7145,1,315.3,0.1878
804,2,38.0635,alert,80.78,0.0143,43.5503,3,504.6,0.0574
805,1,38.073,sensor_data,325.11,0.0155,49.428,2,354.8,0.0622
806,13,38.0769,sensor_data,45.57,0.0472,46.244,4,108.4,0.1888
807,8,38.1862,alert,207.23,0.0185,42.0264,3,193.9,0.0742
808,2,38.3541,image_processing,170.24,0.1965,48.0227,1,67.0,0.786
809,2,38.4156,alert,181.14,0.0376,43.6077,5,248.1,0.1502
810,4,38.4706,sensor_data,186.97,0.0248,49.67,3,229.7,0.0992
811,7,38.4842,image_processing,74.75,0.1571,48.3902,5,302.6,0.6283
812,4,38.5371,image_processing,273.05,0.0865,47.0497,2,270.3,0.3461
813,1,38.5924,control_signal,87.25,0.0109,41.7398,5,315.8,0.0434
814,7,38.6593,alert,145.3,0.0298,42.0831,3,271.3,0.1192
815,12,38.7344,aggregation,100.26,0.1377,55.3214,1,128.3,0.5506
816,11,38.8121,image_processing,421.77,0.1911,47.1978,2,430.1,0.7642
817,8,38.813,sensor_data,479.04,0.0202,44.3675,2,211.9,0.0809
818,5,38.868,alert,68.34,0.0381,42.0561,4,303.8,0.1523
819,3,38.9138,control_signal,137.8,0.0066,42.8107,1,149.8,0.0262
820,11,39.0103,image_processing,166.51,0.1878,48.1296,5,405.4,0.7512
821,0,39.0162,sensor_data,262.53,0.0278,46.2653,2,56.3,0.1113
822,14,39.0687,sensor_data,384.84,0.0512,45.549,3,94.0,0.205
823,3,39.0987,sensor_data,110.98,0.0561,49.9477,4,263.2,0.2243
824,1,39.1294,control_signal,253.24,0.0139,43.2604,3,136.3,0.0556
825,11,39.137,image_processing,465.18,0.0994,49.932,4,349.3,0.3975
826,10,39.2045,control_signal,53.86,0.0054,43.9411,2,153.4,0.0217
827,11,39.2377,image_processing,359.83,0.1856,51.7892,1,72.3,0.7424
828,9,39.2428,sensor_data,249.68,0.0359,47.5516,1,195.1,0.1434
829,12,39.5924,sensor_data,273.86,0.0522,51.2832,3,422.8,0.2089
830,1,39.6362,sensor_data,28.82,0.0437,48.6432,5,490.2,0.175
831,14,39.6601,control_signal,392.84,0.0146,43.3809,3,131.9,0.0583
832,12,39.8127,alert,265.48,0.0211,43.9747,2,176.9,0.0845
833,5,39.9001,sensor_data,459.03,0.0736,48.4204,3,405.2,0.2943
834,4,39.9724,aggregation,88.76,0.0617,50.1288,1,487.5,0.2469
835,10,39.9758,image_processing,450.48,0.1715,46.8408,3,203.5,0.6859
836,7,40.0284,sensor_data,368.87,0.0117,48.5392,1,255.0,0.0467
837,1,40.1307,sensor_data,425.66,0.0615,51.8818,3,319.6,0.246
838,9,40.1628,sensor_data,361.01,0.0142,50.0509,2,452.1,0.0566
839,14,40.2312,sensor_data,38.99,0.0354,45.369,2,263.5,0.1415
840,2,40.2464,control_signal,387.93,0.0154,46.3685,2,129.6,0.0614
841,9,40.2534,control_signal,32.32,0.0089,44.8185,2,494.2,0.0357
842,7,40.3547,aggregation,473.81,0.0455,52.4993,2,349.6,0.182
843,10,40.3802,image_processing,270.65,0.1461,48.823,1,101.9,0.5844
844,0,40.4137,image_processing,118.37,0.1606,48.8004,3,474.8,0.6422
845,1,40.4306,control_signal,447.75,0.0195,46.8476,5,185.4,0.0779
846,1,40.463,sensor_data,27.95,0.0307,51.65,3,468.7,0.1228
847,13,40.4793,image_processing,47.07,0.158,54.0787,2,54.0,0.6321
848,14,40.482,image_processing,189.82,0.0834,46.6271,1,441.3,0.3335
849,11,40.5753,control_signal,194.92,0.0406,45.7932,1,510.9,0.1623
850,9,40.5841,sensor_data,412.38,0.036,51.9242,4,334.7,0.1439
851,1,40.6021,image_processing,208.18,0.1159,52.2317,3,511.1,0.4637
852,14,40.693,sensor_data,492.96,0.0502,51.9743,4,80.1,0.2007
853,4,40.7443,alert,373.69,0.0364,46.0494,3,241.9,0.1455
854,6,40.7852,aggregation,365.84,0.0653,56.2638,4,197.8,0.261
855,8,40.8868,aggregation,214.49,0.0428,51.9913,1,487.8,0.1711
856,13,40.8952,control_signal,353.96,0.0427,45.9307,4,316.6,0.1709
857,1,40.9265,control_signal,475.12,0.0051,45.9141,3,222.3,0.0205
858,0,40.9559,image_processing,350.18,0.1193,52.5941,1,79.5,0.477
859,14,41.1194,alert,411.69,0.0161,46.2202,1,294.0,0.0644
860,0,41.2002,control_signal,390.44,0.0393,47.3738,1,304.6,0.1571
861,11,41.2105,sensor_data,468.25,0.0794,50.789,1,258.3,0.3176
862,11,41.2183,alert,496.05,0.0271,45.7534,1,482.1,0.1086
863,7,41.24,sensor_data,140.03,0.0428,49.9402,5,471.1,0.171
864,14,41.2502,image_processing,426.86,0.1604,50.8637,1,435.5,0.6415
865,7,41.2721,sensor_data,190.63,0.0571,48.8905,1,245.8,0.2285
866,6,41.2774,control_signal,165.71,0.0161,46.614,4,101.5,0.0645
867,11,41.3195,sensor_data,280.75,0.0212,50.0172,3,247.5,0.0848
868,7,41.3299,control_signal,336.4,0.0258,45.822,2,410.1,0.1033
869,11,41.3413,sensor_data,32.19,0.0265,48.2572,2,433.9,0.106
870,11,41.5291,sensor_data,37.82,0.0237,52.5734,2,445.8,0.0949
871,12,41.6083,alert,304.01,0.0091,45.4061,1,352.6,0.0365
872,6,41.7084,alert,204.37,0.0134,47.1784,3,253.4,0.0537
873,3,41.7115,control_signal,234.34,0.0248,46.7423,4,470.8,0.0993
874,11,41.7258,sensor_data,151.04,0.0479,51.2381,4,445.9,0.1916
875,7,41.7477,control_signal,218.0,0.0456,48.1426,5,105.6,0.1825
876,0,41.8296,alert,471.61,0.0248,45.8839,1,179.9,0.0992
877,6,41.8739,sensor_data,194.96,0.0103,51.9668,5,369.4,0.0411
878,0,41.8742,control_signal,345.19,0.009,48.6847,2,142.6,0.0359
879,13,41.8899,image_processing,384.03,0.1042,53.5434,1,283.3,0.4167
880,3,41.9689,alert,424.84,0.0388,47.0484,2,160.4,0.1551
881,0,42.2345,aggregation,212.09,0.0901,53.6493,3,389.7,0.3603
882,3,42.2543,image_processing,105.61,0.1255,50.4234,4,213.6,0.5022
883,14,42.2837,sensor_data,392.71,0.0256,52.0863,2,486.6,0.1024
884,0,42.3273,control_signal,132.83,0.0315,48.1329,3,197.1,0.126
885,13,42.3566,sensor_data,233.29,0.0562,54.1663,3,317.1,0.2246
886,4,42.4344,control_signal,397.23,0.0495,46.2618,1,421.6,0.1978
887,6,42.538,control_signal,54.16,0.0485,48.282,3,328.9,0.1941
888,5,42.5479,control_signal,170.33,0.0373,48.5134,4,174.2,0.1494
889,6,42.585,control_signal,145.57,0.032,46.0133,2,182.3,0.128
890,3,42.5902,aggregation,294.81,0.0956,59.3083,2,170.7,0.3826
891,13,42.5984,aggregation,422.38,0.0536,54.5362,3,333.1,0.2145
892,0,42.6281,control_signal,237.41,0.0275,48.6134,1,135.1,0.11
893,6,42.6453,sensor_data,31.23,0.0586,47.8793,1,88.6,0.2344
894,8,42.6496,control_signal,485.55,0.0342,48.7585,5,176.3,0.1367
895,5,42.6846,control_signal,39.3,0.0198,48.5185,2,187.7,0.0793
896,3,42.7474,aggregation,456.28,0.1091,57.0313,1,119.2,0.4364
897,5,42.8086,alert,46.28,0.028,47.5608,5,190.9,0.1118
898,5,42.8263,sensor_data,477.84,0.0762,52.4651,1,335.9,0.3046
899,6,42.8625,aggregation,492.53,0.0911,55.7599,1,239.8,0.3643
900,13,42.8729,image_processing,34.97,0.1976,55.9516,5,247.8,0.7906
901,4,42.8851,sensor_data,292.2,0.0376,53.5808,4,139.5,0.1504
902,2,42.9033,sensor_data,155.07,0.0103,52.7533,3,82.3,0.0413
903,1,43.0366,control_signal,115.21,0.033,47.2592,1,149.2,0.1321
904,9,43.0617,control_signal,261.7,0.0213,48.8132,3,165.9,0.0853
905,4,43.103,image_processing,453.12,0.1297,51.3987,3,333.6,0.5187
906,13,43.1389,control_signal,186.4,0.0427,48.8503,1,98.4,0.1708
907,2,43.2033,image_processing,348.64,0.097,51.2788,3,124.3,0.3881
908,12,43.3399,sensor_data,30.99,0.0694,48.9509,3,119.3,0.2776
909,6,43.3598,sensor_data,450.77,0.011,53.8193,4,492.8,0.044
910,13,43.4213,sensor_data,464.2,0.0379,54.6946,5,405.0,0.1515
911,12,43.4402,control_signal,336.4,0.0475,50.2288,4,309.3,0.1901
912,14,43.537,control_signal,176.16,0.0439,46.759,1,271.4,0.1755
913,12,43.544,control_signal,449.89,0.0478,48.7812,1,62.0,0.1914
914,11,43.5508,aggregation,421.64,0.0955,60.0735,3,496.3,0.3818
915,2,43.5858,aggregation,11.11,0.1112,56.4772,1,402.9,0.4449
916,10,43.5898,alert,139.18,0.0269,47.1757,5,240.9,0.1076
917,0,43.605,control_signal,367.47,0.0269,48.153,5,323.4,0.1077
918,8,43.6415,alert,10.54,0.0248,47.5995,4,248.4,0.099
919,13,43.6557,sensor_data,93.47,0.0158,54.5155,2,438.2,0.0634
920,6,43.7795,image_processing,489.22,0.1051,55.5013,2,369.8,0.4205
921,0,43.8161,alert,354.5,0.0313,49.5427,5,322.0,0.1252
922,8,43.8464,alert,326.69,0.0298,49.4922,1,301.4,0.1193
923,3,43.8812,aggregation,72.47,0.1427,55.134,2,108.0,0.5709
924,14,43.9406,sensor_data,230.07,0.0474,50.5302,5,275.8,0.1894
925,4,43.9575,control_signal,494.64,0.0159,50.8713,1,334.3,0.0637
926,1,44.0235,sensor_data,470.39,0.0188,54.7541,1,263.8,0.0753
927,0,44.1428,control_signal,139.63,0.0203,47.4032,5,70.6,0.081
928,12,44.2383,control_signal,466.46,0.0288,49.0468,1,133.0,0.1152
929,2,44.2722,aggregation,22.8,0.1171,59.8656,1,438.0,0.4683
930,9,44.2836,sensor_data,473.81,0.0307,51.1048,3,108.6,0.1229
931,14,44.2989,image_processing,204.6,0.1499,52.9658,3,223.8,0.5995
932,8,44.3742,aggregation,184.52,0.0534,61.9281,2,372.7,0.2138
933,12,44.4174,sensor_data,452.39,0.0408,53.9656,4,430.8,0.1632
934,3,44.4359,sensor_data,387.2,0.0488,49.7452,2,180.6,0.1951
935,14,44.4374,control_signal,306.36,0.0178,48.7895,3,168.1,0.071
936,3,44.5296,aggregation,265.07,0.0411,58.6322,3,459.2,0.1645
937,10,44.5373,sensor_data,115.22,0.0782,55.6368,1,209.3,0.3126
938,5,44.5653,sensor_data,196.88,0.0263,51.1217,3,367.9,0.1051
939,2,44.58,image_processing,482.69,0.1043,53.7229,3,323.6,0.4172
940,8,44.5997,control_signal,290.12,0.0452,50.1017,2,231.1,0.1808
941,14,44.6034,control_signal,26.63,0.039,49.6417,2,479.0,0.156
942,5,44.619,sensor_data,337.55,0.0537,55.2308,4,102.7,0.2147
943,14,44.7363,image_processing,316.12,0.1885,54.8895,1,257.0,0.7539
944,3,44.7646,control_signal,300.62,0.0491,48.8011,2,221.2,0.1966
945,11,44.7919,alert,480.86,0.0167,49.7041,2,499.7,0.0669
946,10,44.8334,sensor_data,427.45,0.0266,50.2739,3,241.5,0.1064
947,6,44.8538,aggregation,170.7,0.0673,61.1228,5,173.8,0.2691
948,2,44.8723,sensor_data,331.22,0.0214,56.5179,1,146.5,0.0856
949,8,44.8733,image_processing,64.01,0.1529,58.0231,5,290.3,0.6118
950,10,44.9465,alert,497.35,0.0071,50.8205,2,486.1,0.0283
951,1,45.0032,control_signal,201.72,0.012,48.2957,1,232.3,0.0478
952,2,45.027,aggregation,108.24,0.13,60.5295,4,165.3,0.52
953,13,45.073,aggregation,50.91,0.0981,58.0067,4,484.1,0.3924
954,9,45.0968,image_processing,368.29,0.1921,52.6536,2,275.2,0.7684
955,12,45.1025,control_signal,140.79,0.0489,51.0071,2,245.2,0.1955
956,11,45.1098,image_processing,300.67,0.1186,54.8898,2,282.9,0.4743
957,14,45.2661,control_signal,458.32,0.0125,49.8705,2,165.4,0.0502
958,11,45.3255,image_processing,347.19,0.1351,51.3943,2,361.2,0.5404
959,8,45.3464,control_signal,355.35,0.0051,49.7244,2,151.3,0.0204
960,6,45.4127,aggregation,337.0,0.0443,60.9467,2,498.3,0.1773
961,5,45.4466,image_processing,161.07,0.1179,51.6954,1,302.8,0.4718
962,13,45.5188,image_processing,27.91,0.1167,54.9476,2,79.3,0.4668
963,11,45.5702,image_processing,352.69,0.184,53.2837,3,420.2,0.7361
964,7,45.6362,control_signal,296.45,0.0338,48.9573,1,366.4,0.1352
965,5,45.6365,aggregation,369.43,0.0431,58.8386,1,311.7,0.1726
966,10,45.838,alert,317.23,0.0341,50.3699,1,60.7,0.1365
967,9,45.8402,control_signal,405.72,0.0457,52.3708,1,292.8,0.1827
968,11,45.8635,sensor_data,88.73,0.0181,57.1323,1,466.3,0.0723
969,8,45.8697,sensor_data,490.88,0.0361,54.7453,1,399.7,0.1444
970,5,45.8798,control_signal,110.92,0.024,51.0749,2,343.7,0.0959
971,1,45.9045,sensor_data,210.48,0.0606,56.7593,2,279.5,0.2425
972,8,45.9251,control_signal,199.07,0.0191,49.6126,5,319.2,0.0763
973,6,46.0603,sensor_data,223.13,0.0496,55.7439,2,374.0,0.1985
974,0,46.0831,sensor_data,491.5,0.0483,56.3804,4,282.8,0.1933
975,4,46.2239,control_signal,466.88,0.0315,52.5611,4,137.3,0.1259
976,10,46.2647,image_processing,255.08,0.1617,57.7507,3,186.0,0.6469
977,3,46.288,control_signal,429.84,0.0422,53.0606,2,93.2,0.169
978,4,46.3308,aggregation,177.91,0.1087,64.0644,3,415.0,0.4348
979,6,46.3713,control_signal,13.87,0.0484,51.7409,1,457.6,0.1935
980,9,46.3853,aggregation,401.32,0.1241,59.749,5,129.5,0.4963
981,1,46.3989,aggregation,212.25,0.0669,58.9709,4,60.2,0.2677
982,6,46.5062,sensor_data,471.53,0.0177,57.052,1,120.7,0.0709
983,10,46.51,image_processing,476.57,0.1037,53.1415,4,352.9,0.415
984,8,46.5438,image_processing,423.41,0.1587,57.811,3,282.7,0.6346
985,12,46.6867,alert,186.81,0.0226,51.2541,2,420.5,0.0904
986,6,46.7045,control_signal,398.86,0.0177,50.6315,2,179.5,0.0709
987,10,46.7832,aggregation,415.21,0.0323,58.1772,3,407.4,0.1292
988,12,46.8006,image_processing,357.3,0.0876,59.1945,1,480.4,0.3504
989,0,46.9469,sensor_data,268.11,0.0721,56.1827,1,472.4,0.2885
990,8,46.9539,control_signal,89.35,0.0058,53.0644,3,364.7,0.0233
991,4,46.9787,control_signal,473.69,0.0306,50.9397,4,183.1,0.1225
992,7,47.0124,sensor_data,285.49,0.0772,54.7706,5,125.2,0.3088
993,5,47.0764,sensor_data,189.18,0.0174,56.3989,5,241.9,0.0696
994,2,47.1165,aggregation,376.92,0.1285,62.6754,1,346.6,0.514
995,3,47.1884,control_signal,372.23,0.0139,53.9175,1,101.5,0.0554
996,14,47.1955,control_signal,13.66,0.0166,50.9261,2,500.1,0.0663
997,5,47.2702,alert,280.03,0.0227,52.508,3,355.7,0.0906
998,9,47.3853,sensor_data,397.97,0.0659,57.3566,1,363.1,0.2638
999,2,47.4524,aggregation,159.31,0.066,64.449,1,450.6,0.264
1000,3,47.4704,sensor_data,233.07,0.0358,58.7569,3,416.8,0.143
1001,10,47.4811,sensor_data,206.1,0.0761,58.0986,5,292.4,0.3042
1002,0,47.4959,control_signal,296.19,0.033,51.1232,2,296.9,0.1319
1003,14,47.5019,control_signal,78.68,0.0432,51.9496,2,274.6,0.1727
1004,9,47.5531,sensor_data,233.69,0.013,58.6537,1,407.0,0.0522
1005,3,47.5904,sensor_data,211.14,0.0555,55.5788,2,73.4,0.2218
1006,4,47.6278,image_processing,118.96,0.1595,56.9793,3,170.3,0.6379
1007,14,47.6731,control_signal,324.98,0.012,53.5902,1,103.1,0.0478
1008,9,47.7804,sensor_data,366.03,0.058,54.0266,5,327.7,0.2321
1009,3,47.7836,control_signal,34.15,0.0356,52.1559,2,468.4,0.1423
1010,6,47.8074,image_processing,12.56,0.141,57.9432,3,99.8,0.5642
1011,7,47.819,sensor_data,273.17,0.0282,55.5657,1,181.5,0.1129
1012,14,47.8771,control_signal,195.9,0.0194,52.1628,3,164.5,0.0775
1013,3,47.9765,sensor_data,474.9,0.0551,55.2328,5,105.3,0.2206
1014,5,47.9924,control_signal,286.28,0.0134,52.9563,2,175.9,0.0536
1015,7,48.0217,control_signal,47.19,0.0496,54.7165,3,261.1,0.1986
1016,10,48.024,sensor_data,181.3,0.0722,53.4929,5,134.2,0.289
1017,2,48.0537,control_signal,339.41,0.0378,54.1634,4,370.5,0.1512
1018,2,48.071,sensor_data,130.66,0.0644,59.1296,1,410.9,0.2575
1019,10,48.1164,control_signal,257.94,0.0064,54.4172,2,55.3,0.0257
1020,0,48.1477,aggregation,185.67,0.0888,59.3455,1,102.2,0.3551
1021,8,48.2233,control_signal,178.4,0.0297,52.0633,2,244.1,0.1189
1022,1,48.2492,control_signal,362.21,0.0066,52.6499,1,413.6,0.0264
1023,14,48.279,aggregation,105.57,0.0305,58.4929,1,295.5,0.1219
1024,0,48.3665,aggregation,377.84,0.0892,64.1902,2,477.5,0.3566
1025,8,48.3936,image_processing,187.99,0.1231,55.4005,1,295.3,0.4924
1026,5,48.4399,sensor_data,273.36,0.0634,55.358,2,412.7,0.2537
1027,10,48.4517,sensor_data,93.38,0.0106,58.0721,3,312.1,0.0424
1028,6,48.5182,sensor_data,277.24,0.07,58.9695,3,241.2,0.2798
1029,2,48.5666,aggregation,126.64,0.1295,59.665,1,126.7,0.5179
1030,5,48.6168,control_signal,142.26,0.0318,52.0233,3,234.1,0.1272
1031,4,48.6696,sensor_data,286.88,0.0659,60.5612,1,97.5,0.2634
1032,14,48.7137,sensor_data,98.01,0.0627,58.4441,2,418.7,0.2507
1033,7,48.7175,image_processing,86.98,0.1085,59.4852,5,166.5,0.4339
1034,10,48.7347,control_signal,170.93,0.0327,54.3718,4,459.0,0.1309
1035,8,48.8328,image_processing,284.15,0.1197,60.7875,3,270.6,0.4788
1036,9,48.9148,control_signal,147.25,0.0234,52.6254,1,148.2,0.0936
1037,14,48.9952,aggregation,396.38,0.096,59.1844,5,456.8,0.3839
1038,12,49.1325,image_processing,474.93,0.1504,62.8332,2,448.9,0.6015
1039,11,49.1718,aggregation,198.25,0.1231,66.342,2,345.7,0.4924
1040,11,49.2082,image_processing,478.88,0.1851,60.9789,1,489.1,0.7404
1041,8,49.2406,control_signal,288.32,0.03,52.6014,2,87.7,0.12
1042,9,49.2438,aggregation,97.73,0.0509,64.7993,1,118.1,0.2036
1043,2,49.2782,sensor_data,406.58,0.0645,58.4565,3,418.4,0.2581
1044,14,49.3404,alert,302.76,0.0102,52.7465,2,135.1,0.041
1045,14,49.3558,image_processing,111.37,0.1948,57.3815,1,229.0,0.7792
1046,12,49.4604,sensor_data,54.26,0.0147,57.7713,2,236.4,0.0589
1047,12,49.5075,sensor_data,17.97,0.0485,60.6308,4,60.5,0.1938
1048,4,49.5635,image_processing,250.48,0.1628,56.9395,3,483.1,0.6514
1049,12,49.6075,sensor_data,84.95,0.0117,58.1054,1,326.5,0.0469
1050,11,49.6873,control_signal,378.47,0.0403,55.5129,1,231.8,0.161
1051,6,49.7163,control_signal,166.52,0.0158,53.9274,1,137.2,0.063
1052,13,49.7529,aggregation,127.07,0.0713,67.334,2,425.8,0.2853
1053,11,49.7657,sensor_data,255.35,0.0264,57.3455,3,237.4,0.1057
1054,6,49.7995,control_signal,435.09,0.0291,53.6774,3,239.5,0.1164
1055,10,49.8123,aggregation,225.75,0.0308,62.5682,2,395.9,0.1234
1056,14,49.8968,alert,147.81,0.0173,54.7283,1,494.2,0.0691
1057,9,49.9367,aggregation,18.73,0.145,61.6793,2,481.3,0.5801
1058,2,49.9759,control_signal,395.1,0.0081,56.036,3,74.6,0.0324
1059,2,50.0509,aggregation,154.61,0.0838,61.314,2,202.3,0.3353
1060,14,50.0625,sensor_data,328.77,0.0361,59.7747,1,335.7,0.1442
1061,14,50.0747,control_signal,283.12,0.0219,55.9001,2,127.3,0.0875
1062,7,50.219,alert,434.32,0.037,54.822,2,432.3,0.1478
1063,4,50.262,control_signal,25.51,0.0184,53.5747,5,381.2,0.0737
1064,9,50.3017,sensor_data,415.02,0.0499,59.7725,3,395.8,0.1995
1065,12,50.3024,control_signal,199.42,0.049,53.43,4,133.4,0.1958
1066,2,50.3257,alert,419.7,0.02,56.1258,2,499.5,0.0799
1067,11,50.4337,sensor_data,249.59,0.0712,57.1561,1,54.1,0.2846
1068,10,50.512,control_signal,25.79,0.0297,56.296,2,366.1,0.1186
1069,9,50.5359,image_processing,423.83,0.1159,64.3296,3,231.1,0.4636
1070,10,50.5853,aggregation,455.22,0.0664,68.5279,2,383.9,0.2656
1071,7,50.6071,sensor_data,21.38,0.0633,61.3959,1,205.4,0.2531
1072,13,50.6353,alert,151.54,0.0361,55.0226,5,309.0,0.1443
1073,0,50.6557,alert,78.26,0.0066,53.9885,2,330.6,0.0262
1074,4,50.6672,control_signal,496.21,0.0169,55.3019,2,91.2,0.0677
1075,3,50.7041,sensor_data,419.75,0.0744,61.211,5,344.1,0.2975
1076,14,50.7357,control_signal,459.18,0.0426,57.1637,2,413.9,0.1703
1077,9,50.8796,control_signal,302.13,0.0321,55.3141,3,210.3,0.1286
1078,3,50.885,alert,373.25,0.0282,55.9156,1,428.2,0.113
1079,13,50.913,sensor_data,238.69,0.0121,58.2622,2,104.2,0.0485
1080,3,50.9805,control_signal,411.79,0.0092,55.0457,2,246.1,0.0368
1081,12,51.0146,sensor_data,119.09,0.0479,56.9352,1,327.2,0.1916
1082,6,51.1387,alert,163.95,0.0245,57.0491,2,271.9,0.0979
1083,13,51.1615,aggregation,108.74,0.1176,66.994,2,424.8,0.4705
1084,5,51.1692,image_processing,242.52,0.1238,61.1505,2,440.7,0.4951
1085,11,51.2699,control_signal,427.1,0.0305,56.7443,3,493.5,0.1222
1086,13,51.2732,alert,136.03,0.0351,57.1487,3,180.2,0.1404
1087,6,51.2993,sensor_data,215.71,0.0166,61.4387,3,61.9,0.0662
1088,10,51.3189,sensor_data,81.45,0.0538,58.5285,2,486.1,0.2151
1089,0,51.362,control_signal,361.87,0.0354,54.5613,1,258.6,0.1417
1090,5,51.4228,control_signal,265.83,0.0206,55.8233,5,267.1,0.0822
1091,13,51.4528,image_processing,122.77,0.1354,58.3131,2,200.3,0.5415
1092,12,51.541,sensor_data,204.66,0.0505,59.9796,3,107.6,0.2019
1093,6,51.5432,control_signal,341.78,0.0186,55.2279,1,124.0,0.0746
1094,13,51.5615,image_processing,388.97,0.1385,61.5244,1,247.3,0.554
1095,11,51.6023,control_signal,379.28,0.023,58.5376,5,394.7,0.0922
1096,9,51.6246,aggregation,153.35,0.1091,65.3372,2,169.4,0.4364
1097,7,51.6319,sensor_data,130.19,0.0202,60.5897,1,280.6,0.0809
1098,2,51.6426,image_processing,24.31,0.1336,60.4609,4,339.1,0.5345
1099,6,51.6663,sensor_data,473.28,0.0272,61.8823,2,112.3,0.1087
1100,1,51.686,control_signal,496.48,0.0385,58.6116,4,124.9,0.1539
1101,13,51.7472,image_processing,346.8,0.1193,60.4162,1,431.5,0.4774
1102,14,51.8026,aggregation,42.3,0.1238,64.9252,4,325.9,0.4952
1103,9,51.8551,image_processing,186.72,0.0939,60.2961,3,413.9,0.3757
1104,14,51.9006,control_signal,133.96,0.0272,55.0164,2,324.3,0.1089
1105,8,51.966,sensor_data,416.02,0.0355,61.3345,1,208.4,0.1421
1106,10,52.1044,aggregation,274.24,0.129,63.7791,5,231.1,0.5162
1107,2,52.1207,sensor_data,355.74,0.0789,57.9121,4,119.7,0.3158
1108,10,52.2216,sensor_data,437.52,0.0697,63.5737,1,399.7,0.2788
1109,6,52.2223,image_processing,32.05,0.1546,63.0293,4,71.4,0.6182
1110,4,52.3645,image_processing,243.44,0.194,66.2997,1,275.4,0.7759
1111,1,52.3694,control_signal,208.21,0.0443,57.6116,1,237.2,0.1771
1112,12,52.375,aggregation,202.23,0.0399,63.6542,1,481.5,0.1596
1113,6,52.4017,sensor_data,190.52,0.0166,62.9181,1,313.3,0.0666
1114,0,52.4095,sensor_data,177.85,0.0691,63.9059,3,154.8,0.2763
1115,12,52.41,sensor_data,94.14,0.0278,61.4095,5,459.8,0.1111
1116,5,52.41,aggregation,148.4,0.0415,68.3329,1,363.3,0.1658
1117,0,52.4257,sensor_data,39.13,0.0471,61.0694,1,327.7,0.1884
1118,9,52.5075,control_signal,331.77,0.022,57.9589,4,244.4,0.0881
1119,5,52.5135,sensor_data,36.37,0.0505,59.6978,1,436.3,0.202
1120,3,52.5565,sensor_data,418.41,0.0504,60.3539,3,60.5,0.2016
1121,11,52.6372,aggregation,366.17,0.0908,65.4134,3,193.5,0.3634
1122,14,52.6474,sensor_data,146.87,0.0524,58.1366,2,341.3,0.2096
1123,0,52.6634,sensor_data,354.06,0.0634,59.5013,4,403.5,0.2536
1124,11,52.9003,image_processing,484.65,0.0901,64.4779,3,150.4,0.3604
1125,14,52.9568,image_processing,94.31,0.101,61.6412,2,243.5,0.4038
1126,7,52.9906,image_processing,444.47,0.1374,63.1076,4,160.8,0.5496
1127,3,53.0777,control_signal,280.9,0.0333,59.4571,1,392.5,0.1333
1128,10,53.0828,sensor_data,337.3,0.0704,63.5725,3,355.9,0.2817
1129,5,53.1552,sensor_data,309.14,0.0425,63.1224,2,108.5,0.1699
1130,10,53.2192,sensor_data,130.89,0.034,60.7135,5,447.4,0.1358
1131,7,53.2404,sensor_data,268.59,0.0381,63.3982,5,75.5,0.1525
1132,0,53.2574,sensor_data,392.9,0.0242,62.4875,1,253.6,0.0969
1133,14,53.2959,sensor_data,111.02,0.0684,61.7704,3,260.0,0.2735
1134,11,53.3639,sensor_data,263.7,0.0296,63.6446,1,310.1,0.1182
1135,10,53.4391,image_processing,358.33,0.1647,61.8295,1,300.7,0.6586
1136,7,53.5448,control_signal,132.79,0.0207,60.3136,4,358.3,0.0826
1137,5,53.5543,sensor_data,97.7,0.0196,59.9863,3,499.7,0.0785
1138,13,53.5672,control_signal,488.08,0.0173,57.1963,1,143.0,0.0693
1139,11,53.6305,sensor_data,338.48,0.0489,60.2114,1,58.9,0.1957
1140,1,53.6399,alert,379.82,0.0391,58.2817,2,382.3,0.1565
1141,14,53.6403,image_processing,322.82,0.1229,67.6328,3,166.5,0.4917
1142,9,53.6515,sensor_data,204.37,0.0769,64.9842,5,458.8,0.3078
1143,6,53.6684,sensor_data,47.67,0.0157,59.794,1,501.4,0.063
1144,3,53.6855,sensor_data,111.28,0.0546,63.1035,3,339.0,0.2182
1145,2,53.7382,sensor_data,45.89,0.023,63.7996,3,251.6,0.0921
1146,3,53.7857,aggregation,443.44,0.0511,71.2495,2,191.0,0.2044
1147,13,53.8134,control_signal,25.57,0.0462,59.3235,2,89.6,0.1849
1148,8,53.8742,sensor_data,138.54,0.0158,64.5853,2,345.2,0.0632
1149,3,53.9056,image_processing,183.88,0.1393,67.2442,4,159.0,0.557
1150,10,53.9547,control_signal,226.68,0.0494,60.7704,2,326.2,0.1975
1151,3,54.1019,control_signal,267.29,0.0354,59.8961,1,474.7,0.1414
1152,1,54.1681,sensor_data,20.06,0.0172,60.1908,2,345.5,0.0689
1153,12,54.1828,sensor_data,78.69,0.0572,63.9079,1,338.9,0.2289
1154,9,54.1908,sensor_data,47.09,0.0272,64.8661,3,105.6,0.1088
1155,2,54.3239,sensor_data,35.57,0.0392,64.3506,3,116.9,0.157
1156,10,54.3744,control_signal,41.13,0.0083,60.2269,1,431.0,0.0332
1157,11,54.458,aggregation,268.74,0.1325,67.0668,4,113.3,0.53
1158,10,54.4987,control_signal,251.72,0.0461,60.0479,2,133.8,0.1844
1159,14,54.5395,alert,269.36,0.0304,59.1624,1,368.9,0.1218
1160,5,54.8768,control_signal,268.74,0.0475,59.904,5,219.3,0.1899
1161,2,54.9929,image_processing,124.86,0.1634,66.0577,1,252.3,0.6536
1162,0,54.996,control_signal,92.29,0.0318,60.8939,3,488.8,0.1272
1163,6,55.0049,aggregation,120.12,0.1242,70.6106,2,488.6,0.4967
1164,9,55.0258,aggregation,167.63,0.1462,66.8773,3,61.3,0.585
1165,13,55.0457,sensor_data,154.74,0.0666,64.3188,3,117.5,0.2664
1166,13,55.0549,control_signal,220.04,0.0439,60.0461,2,142.5,0.1754
1167,6,55.1068,sensor_data,89.89,0.0695,65.7134,3,445.9,0.2779
1168,12,55.1327,sensor_data,203.98,0.0134,66.6509,2,400.9,0.0535
1169,5,55.2343,control_signal,372.95,0.0426,58.5385,5,510.0,0.1703
1170,13,55.2547,image_processing,464.67,0.1135,68.9879,2,235.8,0.4539
1171,4,55.2896,control_signal,207.96,0.0316,61.0918,2,314.9,0.1263
1172,0,55.3152,image_processing,12.69,0.1148,62.4424,4,448.8,0.4592
1173,13,55.365,control_signal,101.0,0.0119,60.1566,3,76.8,0.0474
1174,8,55.3785,alert,85.05,0.0213,59.6528,1,79.9,0.0851
1175,8,55.4613,control_signal,160.44,0.049,59.5804,1,398.9,0.196
1176,13,55.6213,aggregation,208.07,0.1035,72.1272,4,418.9,0.4141
1177,0,55.6245,control_signal,52.25,0.027,59.683,4,53.7,0.1078
1178,10,55.6247,image_processing,306.86,0.1378,64.5947,4,161.0,0.5514
1179,5,55.6496,control_signal,156.24,0.0323,62.4092,2,508.9,0.1293
1180,2,55.6858,control_signal,98.41,0.0315,58.7829,3,354.7,0.1262
1181,3,55.7465,sensor_data,325.26,0.0369,64.7799,4,416.3,0.1474
1182,9,55.7715,image_processing,478.77,0.1806,62.8375,4,198.3,0.7223
1183,11,55.8007,control_signal,377.29,0.0322,60.5543,2,85.3,0.1287
1184,3,55.8442,image_processing,153.05,0.0845,67.7375,2,295.3,0.3381
1185,1,55.8677,control_signal,51.68,0.0343,61.6415,2,393.9,0.1374
1186,10,56.0275,sensor_data,67.92,0.0644,61.781,3,370.3,0.2577
1187,0,56.0306,aggregation,333.81,0.0517,70.1648,1,288.8,0.2069
1188,9,56.0362,control_signal,452.44,0.0219,59.9016,1,105.8,0.0876
1189,14,56.0711,control_signal,308.02,0.007,59.8375,1,182.5,0.0281
1190,0,56.0856,sensor_data,347.33,0.0134,65.3384,3,153.6,0.0536
1191,6,56.1666,image_processing,225.98,0.1628,62.6198,4,193.6,0.6513
1192,5,56.1865,sensor_data,95.5,0.0139,67.9551,1,52.5,0.0555
1193,2,56.1972,alert,456.9,0.0359,61.6565,2,257.3,0.1438
1194,5,56.2055,control_signal,232.98,0.0459,61.1902,2,416.9,0.1837
1195,6,56.2508,control_signal,426.28,0.0369,62.0939,1,128.7,0.1478
1196,7,56.2591,image_processing,113.95,0.1958,67.0181,1,345.4,0.7833
1197,11,56.2856,control_signal,201.01,0.0299,62.6249,2,66.7,0.1196
1198,3,56.3391,sensor_data,61.83,0.0352,62.4472,1,354.5,0.1409
1199,6,56.3995,sensor_data,85.04,0.0463,64.9018,2,77.7,0.1852
1200,13,56.422,control_signal,395.21,0.0241,59.4243,1,477.3,0.0962
1201,2,56.4242,control_signal,132.37,0.0419,62.0507,1,215.2,0.1677
1202,12,56.4453,image_processing,126.37,0.101,65.2729,1,348.7,0.4041
1203,0,56.4707,alert,376.68,0.0129,62.0687,4,68.1,0.0516
1204,13,56.4997,sensor_data,449.85,0.0453,61.5738,2,431.2,0.1811
1205,8,56.5125,sensor_data,461.27,0.0658,66.363,1,143.4,0.2631
1206,10,56.7093,sensor_data,278.24,0.0519,66.6691,4,197.3,0.2078
1207,6,56.7741,image_processing,446.16,0.0929,67.8461,1,201.0,0.3717
1208,4,56.7785,sensor_data,446.73,0.0389,62.5342,1,296.7,0.1556
1209,3,56.7824,sensor_data,486.13,0.0129,62.4524,3,65.5,0.0514
1210,11,56.8104,sensor_data,254.68,0.0153,66.5757,1,455.5,0.0611
1211,12,56.8854,control_signal,386.05,0.0178,60.9764,3,467.3,0.0712
1212,3,56.8894,aggregation,27.37,0.0988,69.3588,4,161.4,0.3951
1213,4,56.9649,sensor_data,497.23,0.0484,61.9961,4,274.7,0.1937
1214,10,57.015,sensor_data,228.71,0.0621,62.9553,2,262.4,0.2485
1215,9,57.0932,sensor_data,17.59,0.02,68.9286,1,222.5,0.0801
1216,9,57.1741,control_signal,56.09,0.029,63.0652,5,205.6,0.116
1217,6,57.239,sensor_data,421.82,0.0178,67.2054,1,108.1,0.071
1218,4,57.2833,control_signal,307.72,0.0494,62.6768,5,434.4,0.1975
1219,7,57.3812,aggregation,152.95,0.0707,70.0601,2,220.7,0.283
1220,2,57.428,alert,91.02,0.0206,61.3561,2,272.2,0.0825
1221,5,57.4679,aggregation,27.96,0.1153,69.0895,2,122.6,0.4614
1222,5,57.503,image_processing,365.31,0.1017,66.054,2,70.3,0.4069
1223,7,57.5686,control_signal,321.2,0.0471,60.9812,4,172.6,0.1883
1224,10,57.5849,control_signal,498.25,0.0178,61.8322,1,109.7,0.0713
1225,13,57.7858,image_processing,328.72,0.0994,70.82,3,397.1,0.3977
1226,10,57.8611,control_signal,449.33,0.05,64.6287,3,291.5,0.1999
1227,10,57.8695,sensor_data,315.65,0.011,66.3658,3,203.4,0.0442
1228,7,57.9289,sensor_data,355.67,0.04,69.6639,1,60.8,0.1599
1229,11,57.9907,sensor_data,94.78,0.0389,68.867,1,229.3,0.1555
1230,11,57.9968,image_processing,408.28,0.186,67.8694,1,314.4,0.7442
1231,8,58.023,image_processing,118.14,0.1276,71.7038,1,292.4,0.5103
1232,13,58.0391,alert,375.33,0.033,61.5467,3,130.9,0.132
1233,1,58.0485,aggregation,120.48,0.1157,72.172,1,492.3,0.4626
1234,9,58.0623,aggregation,89.62,0.1136,74.6981,2,358.2,0.4545
1235,12,58.1264,control_signal,435.67,0.0117,63.6623,3,66.7,0.047
1236,14,58.1594,control_signal,387.81,0.0155,65.0592,5,422.7,0.0619
1237,5,58.1757,sensor_data,474.16,0.0299,65.4638,4,216.1,0.1197
1238,5,58.1865,control_signal,15.15,0.0197,64.6291,2,485.6,0.0787
1239,0,58.2708,sensor_data,46.22,0.0415,65.4574,1,91.8,0.1661
1240,1,58.2997,control_signal,475.57,0.0186,61.3438,1,227.0,0.0744
1241,4,58.3562,image_processing,423.94,0.0928,68.2251,3,147.2,0.3712
1242,11,58.3822,sensor_data,13.85,0.0354,63.7063,4,198.6,0.1414
1243,10,58.3962,control_signal,14.16,0.0283,65.0796,1,242.7,0.1133
1244,10,58.4618,sensor_data,176.67,0.0728,63.7704,2,207.1,0.2913
1245,5,58.4956,sensor_data,374.8,0.0653,65.7208,1,309.1,0.2614
1246,5,58.544,sensor_data,454.04,0.0175,70.2183,4,462.5,0.0702
1247,11,58.6326,control_signal,444.82,0.0277,62.9042,1,151.6,0.1107
1248,10,58.7531,control_signal,333.86,0.038,62.8256,4,331.6,0.1518
1249,5,58.8127,control_signal,53.52,0.0072,61.9912,3,210.9,0.0288
1250,3,58.8584,control_signal,159.36,0.0477,62.3337,2,50.2,0.1907
1251,13,58.9329,image_processing,318.14,0.0919,70.3926,4,350.9,0.3676
1252,11,58.948,sensor_data,288.53,0.0442,68.8597,2,145.0,0.1768
1253,2,58.9662,control_signal,214.51,0.0211,62.0034,1,311.0,0.0845
1254,10,59.0275,sensor_data,39.13,0.0585,64.0276,3,420.9,0.2342
1255,9,59.0456,aggregation,372.4,0.1096,74.7047,3,391.0,0.4382
1256,1,59.0634,control_signal,383.68,0.0213,64.1738,2,177.1,0.085
1257,14,59.1629,aggregation,96.8,0.0599,75.7297,2,235.3,0.2397
1258,4,59.2421,control_signal,163.68,0.0156,63.5927,4,71.9,0.0624
1259,13,59.2608,alert,397.2,0.0063,65.0527,5,470.5,0.0253
1260,4,59.2891,sensor_data,211.27,0.0315,70.5066,2,472.3,0.1258
1261,1,59.3707,aggregation,129.24,0.146,69.9026,2,246.1,0.5839
1262,7,59.3753,control_signal,351.29,0.0406,63.2683,4,328.9,0.1623
1263,12,59.435,alert,374.65,0.0116,62.8381,2,71.4,0.0463
1264,14,59.4438,sensor_data,478.16,0.0691,67.5111,1,135.5,0.2764
1265,8,59.5352,image_processing,71.64,0.187,69.5274,2,398.4,0.748
1266,12,59.5652,alert,372.35,0.0071,64.5624,2,319.4,0.0286
1267,6,59.5735,image_processing,309.37,0.1094,70.1573,2,451.5,0.4376
1268,9,59.5735,sensor_data,74.73,0.0186,69.4959,1,275.7,0.0744
1269,5,59.575,sensor_data,425.81,0.0799,69.5613,2,285.1,0.3197
1270,14,59.5936,sensor_data,119.74,0.0665,68.2755,3,150.7,0.266
1271,0,59.6655,control_signal,191.75,0.0156,63.4381,4,229.2,0.0625
1272,12,59.6672,sensor_data,466.33,0.0105,65.9884,3,479.5,0.0421
1273,0,59.7298,alert,488.09,0.0301,65.0459,1,489.9,0.1203
1274,5,59.8345,aggregation,186.1,0.0954,74.3517,4,172.0,0.3815
1275,4,59.8546,sensor_data,241.1,0.0492,70.0522,3,274.2,0.1968
1276,9,59.9172,sensor_data,274.95,0.0597,70.6803,1,364.0,0.2386
1277,9,59.9179,control_signal,223.18,0.0149,66.0866,2,506.2,0.0594
1278,3,59.924,control_signal,365.7,0.01,63.902,4,311.3,0.04
1279,13,59.9374,control_signal,344.08,0.0285,62.9972,3,60.1,0.1139
1280,12,59.9633,aggregation,304.73,0.067,75.0463,1,139.3,0.2679
1281,2,60.0213,sensor_data,288.23,0.0753,69.0553,3,253.5,0.3014
1282,0,60.1027,alert,464.44,0.0365,65.5175,1,283.8,0.146
1283,7,60.1249,sensor_data,393.2,0.0247,66.5317,3,349.0,0.0988
1284,4,60.1586,sensor_data,263.94,0.0116,66.0682,2,496.1,0.0465
1285,0,60.3465,sensor_data,365.38,0.0158,65.4714,1,136.8,0.0634
1286,6,60.3836,control_signal,64.61,0.0327,65.3264,4,246.7,0.131
1287,7,60.4085,sensor_data,148.6,0.0103,69.7933,2,187.5,0.0411
1288,14,60.4892,control_signal,216.29,0.0461,67.1611,2,226.0,0.1843
1289,3,60.7447,image_processing,27.6,0.1543,71.103,4,88.7,0.617
1290,0,60.77,control_signal,397.14,0.0264,67.3511,1,221.9,0.1056
1291,10,60.8216,aggregation,204.07,0.0933,72.2176,3,499.6,0.373
1292,9,60.9368,control_signal,432.46,0.0367,64.9403,2,142.2,0.1469
1293,4,60.9578,sensor_data,290.9,0.0279,67.6085,4,435.7,0.1115
1294,5,60.9853,control_signal,106.52,0.0268,65.7204,4,500.1,0.1071
1295,4,61.0217,control_signal,138.1,0.0408,66.6046,3,109.4,0.1632
1296,1,61.0618,image_processing,230.52,0.1564,69.0876,5,252.7,0.6255
1297,2,61.1245,image_processing,351.04,0.1843,69.8777,3,406.3,0.737
1298,5,61.1806,control_signal,389.8,0.0127,66.6469,4,319.7,0.0508
1299,1,61.2062,control_signal,279.19,0.0058,67.3348,4,125.2,0.0231
1300,6,61.3264,image_processing,330.2,0.1006,67.8186,3,489.8,0.4024
1301,10,61.353,image_processing,245.39,0.1699,67.5063,4,250.3,0.6797
1302,14,61.3656,sensor_data,350.85,0.0177,69.9305,1,209.2,0.0706
1303,6,61.4113,aggregation,348.06,0.0488,74.198,4,289.6,0.1954
1304,14,61.4972,image_processing,388.74,0.1368,68.7794,1,439.4,0.5472
1305,3,61.5118,sensor_data,271.08,0.0376,70.4065,5,149.0,0.1503
1306,13,61.5537,control_signal,203.09,0.0396,68.2324,1,421.8,0.1585
1307,4,61.5724,aggregation,406.64,0.0704,75.7212,1,340.6,0.2814
1308,6,61.574,control_signal,467.87,0.0424,65.8727,3,287.7,0.1697
1309,0,61.587,sensor_data,341.98,0.038,72.3127,4,244.5,0.1522
1310,3,61.6418,control_signal,259.52,0.0399,66.3029,2,249.2,0.1598
1311,2,61.7075,sensor_data,78.06,0.0526,73.5119,3,79.2,0.2104
1312,12,61.7199,sensor_data,232.95,0.04,72.3356,1,268.3,0.1599
1313,12,61.7665,control_signal,382.55,0.0454,67.6903,4,415.7,0.1816
1314,6,61.7928,control_signal,475.05,0.0218,68.5291,4,144.4,0.0872
1315,2,61.8362,control_signal,296.23,0.0446,65.4039,2,189.5,0.1784
1316,10,61.838,image_processing,225.95,0.1733,71.7273,5,317.1,0.6933
1317,9,61.8454,sensor_data,41.23,0.0578,68.5055,4,330.6,0.2312
1318,2,61.8555,control_signal,321.69,0.0495,67.3932,1,497.7,0.1982
1319,8,61.8716,image_processing,352.05,0.1457,70.3467,4,413.2,0.5829
1320,14,61.8972,sensor_data,410.0,0.0325,70.3827,1,156.9,0.1299
1321,12,61.9239,aggregation,80.4,0.0833,78.4564,2,173.9,0.3333
1322,10,61.95,aggregation,74.7,0.0847,75.7742,3,508.5,0.3389
1323,9,61.9565,aggregation,154.53,0.0568,76.9415,1,133.1,0.2271
1324,1,62.0918,control_signal,380.95,0.0408,66.2631,5,315.3,0.1632
1325,7,62.1114,sensor_data,219.82,0.0625,67.791,2,433.9,0.25
1326,12,62.149,aggregation,415.66,0.1137,76.3934,4,272.0,0.455
1327,9,62.2418,image_processing,43.95,0.185,72.3256,1,408.7,0.7399
1328,1,62.2482,sensor_data,425.09,0.0523,73.3967,4,238.4,0.2094
1329,8,62.2874,control_signal,285.04,0.0351,66.0125,5,304.2,0.1405
1330,9,62.3107,sensor_data,253.78,0.0681,70.3556,1,334.0,0.2725
1331,6,62.3892,control_signal,18.61,0.0278,68.4555,3,130.1,0.1114
1332,4,62.4201,control_signal,499.28,0.0126,69.3666,3,332.7,0.0505
1333,8,62.4403,aggregation,27.29,0.1376,76.5948,3,504.9,0.5503
1334,3,62.441,sensor_data,363.49,0.0353,70.1742,2,484.8,0.1412
1335,4,62.5674,aggregation,388.7,0.0333,79.1158,2,279.5,0.1333
1336,12,62.5727,sensor_data,139.95,0.0212,69.763,3,132.6,0.0846
1337,9,62.6185,sensor_data,247.65,0.0426,73.4961,5,466.0,0.1705
1338,2,62.6359,sensor_data,321.5,0.025,73.399,1,165.1,0.1001
1339,13,62.7901,sensor_data,26.35,0.0661,73.3632,2,245.4,0.2642
1340,8,62.7979,control_signal,243.51,0.0201,69.3402,3,274.0,0.0804
1341,10,62.9247,sensor_data,132.4,0.0535,69.7402,5,451.5,0.2141
1342,11,63.1183,control_signal,469.49,0.0064,66.8199,4,291.7,0.0254
1343,5,63.133,image_processing,99.78,0.0976,73.6062,2,484.3,0.3904
1344,13,63.1383,control_signal,40.06,0.0162,68.5163,3,320.0,0.0649
1345,10,63.188,control_signal,468.48,0.0182,67.1043,2,320.4,0.0728
1346,4,63.2023,aggregation,374.7,0.0422,73.7755,3,172.4,0.1687
1347,2,63.2207,alert,99.74,0.0385,66.5337,2,180.3,0.154
1348,9,63.284,sensor_data,222.38,0.0468,72.5624,4,69.4,0.1874
1349,13,63.3832,alert,48.48,0.029,67.3721,2,378.7,0.1158
1350,1,63.4267,aggregation,129.67,0.1231,78.5091,4,149.1,0.4922
1351,3,63.5035,image_processing,401.65,0.1648,69.9413,2,259.1,0.6592
1352,6,63.5093,sensor_data,143.74,0.0607,74.7811,3,367.1,0.2429
1353,6,63.6264,sensor_data,383.57,0.0445,71.3636,2,146.1,0.178
1354,8,63.6329,control_signal,350.56,0.0065,66.8392,5,260.1,0.026
1355,11,63.6385,control_signal,497.86,0.0418,67.6842,3,157.5,0.1673
1356,7,63.6528,alert,429.93,0.0323,66.9702,4,448.0,0.1291
1357,10,63.6878,image_processing,426.46,0.1076,73.8559,2,77.9,0.4303
1358,4,63.6964,control_signal,344.94,0.0442,68.5518,5,188.2,0.1766
1359,5,63.817,aggregation,89.31,0.0327,74.6499,2,236.2,0.1309
1360,7,63.8288,control_signal,21.59,0.008,69.5389,4,479.3,0.0319
1361,12,63.9292,aggregation,329.59,0.1015,79.1853,5,495.5,0.4061
1362,6,64.046,sensor_data,268.24,0.0662,69.0533,3,381.3,0.2648
1363,12,64.0726,alert,283.33,0.0153,67.6191,5,463.9,0.0614
1364,5,64.1778,control_signal,257.62,0.0405,70.0777,2,107.2,0.162
1365,14,64.2557,aggregation,460.21,0.1041,77.2708,3,479.3,0.4164
1366,7,64.2801,sensor_data,480.78,0.0756,75.9987,4,263.6,0.3024
1367,13,64.3586,control_signal,188.14,0.0223,71.1118,4,476.4,0.089
1368,14,64.4126,image_processing,493.94,0.1466,74.3476,1,136.6,0.5864
1369,12,64.4281,image_processing,74.7,0.1627,74.7185,2,486.2,0.6508
1370,9,64.6021,sensor_data,457.3,0.0486,75.8051,2,330.9,0.1943
1371,13,64.6475,control_signal,270.42,0.0253,68.527,3,206.1,0.1012
1372,4,64.7349,control_signal,118.6,0.0113,70.5807,1,511.5,0.0451
1373,6,64.7613,control_signal,360.38,0.0453,70.198,3,133.5,0.1813
1374,12,64.8113,aggregation,276.09,0.072,80.9221,5,420.9,0.2878
1375,8,64.8246,control_signal,373.66,0.0446,71.6989,1,423.0,0.1783
1376,9,64.8418,alert,427.93,0.0359,69.5385,3,183.3,0.1438
1377,8,64.9089,image_processing,207.72,0.1485,75.0429,1,367.0,0.5941
1378,6,65.0041,image_processing,128.82,0.1958,77.1452,3,59.4,0.7832
1379,12,65.196,aggregation,195.1,0.0892,82.6899,1,509.7,0.3569
1380,7,65.2287,image_processing,233.3,0.1893,75.3764,3,441.7,0.7573
1381,11,65.2301,image_processing,149.83,0.1194,77.1391,3,421.8,0.4776
1382,13,65.2387,sensor_data,75.37,0.0359,72.0128,2,452.9,0.1435
1383,7,65.2476,sensor_data,115.64,0.0322,75.4215,1,482.4,0.1288
1384,1,65.4038,sensor_data,147.7,0.0504,72.0156,1,209.5,0.2015
1385,1,65.4213,image_processing,199.42,0.1318,74.7639,5,104.2,0.5272
1386,13,65.4395,alert,50.61,0.0385,69.3852,2,155.3,0.1539
1387,13,65.5664,aggregation,104.81,0.1089,81.0581,3,193.8,0.4355
1388,14,65.6034,aggregation,298.76,0.1008,82.5404,3,159.6,0.4034
1389,7,65.6236,sensor_data,409.87,0.0362,70.9252,1,360.6,0.1449
1390,2,65.6251,sensor_data,336.9,0.0701,71.286,3,450.8,0.2805
1391,11,65.6297,control_signal,220.04,0.041,70.4302,2,228.1,0.164
1392,7,65.6412,control_signal,254.11,0.0241,71.2491,1,217.7,0.0965
1393,2,65.6537,sensor_data,279.68,0.0568,76.9591,3,85.7,0.2273
1394,14,65.6821,alert,51.49,0.0174,69.3507,4,161.1,0.0696
1395,7,65.7245,control_signal,392.71,0.0132,72.6241,5,448.1,0.0527
1396,13,65.7377,sensor_data,153.3,0.0219,73.0258,3,61.9,0.0878
1397,9,65.7782,control_signal,33.66,0.0357,69.272,1,369.1,0.1429
1398,2,65.8045,control_signal,108.17,0.0154,71.8081,1,468.5,0.0615
1399,12,65.8878,image_processing,102.39,0.1022,74.0105,3,165.5,0.4087
1400,13,65.9236,aggregation,443.0,0.1006,75.9951,3,414.0,0.4024
1401,11,65.9564,control_signal,478.75,0.0369,72.1747,3,284.7,0.1475
1402,6,65.979,aggregation,121.37,0.1405,80.777,1,336.0,0.562
1403,8,66.0103,image_processing,470.62,0.0879,75.1908,2,151.9,0.3517
1404,5,66.0273,sensor_data,300.16,0.0182,75.6529,3,332.2,0.0728
1405,12,66.0408,control_signal,58.0,0.0129,69.7031,3,105.5,0.0514
1406,10,66.0813,control_signal,259.12,0.0103,69.7315,3,425.1,0.0413
1407,14,66.1003,control_signal,163.08,0.0327,72.1957,1,122.0,0.1309
1408,1,66.1185,image_processing,386.66,0.1252,76.3053,2,349.9,0.5008
1409,3,66.2679,control_signal,131.66,0.0266,69.654,1,381.5,0.1066
1410,10,66.3221,aggregation,36.67,0.0374,84.2734,4,392.0,0.1496
1411,12,66.3459,sensor_data,372.53,0.0407,76.6458,1,416.2,0.1629
1412,1,66.3977,sensor_data,236.92,0.0552,77.1496,1,276.7,0.2206
1413,10,66.482,control_signal,392.45,0.0288,71.332,1,142.4,0.1152
1414,7,66.6672,control_signal,248.94,0.0153,71.082,1,309.0,0.0613
1415,9,66.7063,image_processing,40.37,0.1452,75.001,1,309.3,0.581
1416,10,66.709,control_signal,166.69,0.0133,70.9853,5,144.1,0.0534
1417,11,66.7425,control_signal,72.03,0.0209,70.2803,2,191.6,0.0835
1418,1,66.7465,sensor_data,432.74,0.0451,72.2862,1,494.2,0.1805
1419,9,66.9065,image_processing,419.08,0.1321,74.735,2,125.6,0.5284
1420,8,66.9138,sensor_data,439.31,0.0695,77.0188,3,346.7,0.278
1421,7,66.9172,sensor_data,425.94,0.0791,78.6313,4,316.8,0.3165
1422,3,67.0253,image_processing,207.83,0.0813,74.8448,3,309.1,0.3252
1423,12,67.0523,control_signal,180.87,0.0097,70.9416,1,369.9,0.0389
1424,3,67.0861,alert,431.3,0.0167,71.6216,1,207.4,0.0669
1425,9,67.1135,sensor_data,481.29,0.0131,77.9233,3,491.9,0.0524
1426,6,67.2377,sensor_data,129.81,0.0174,72.4858,2,284.5,0.0697
1427,12,67.2785,control_signal,169.84,0.0326,71.0033,1,371.9,0.1303
1428,7,67.3086,aggregation,483.81,0.0369,80.7115,1,243.3,0.1475
1429,4,67.3139,control_signal,87.18,0.0116,72.164,2,476.3,0.0464
1430,3,67.4509,control_signal,442.48,0.0421,72.292,2,339.9,0.1685
1431,11,67.4632,image_processing,319.44,0.1006,79.8691,4,128.9,0.4024
1432,6,67.5926,control_signal,42.09,0.0482,70.8433,4,189.0,0.1928
1433,4,67.5949,sensor_data,104.31,0.0301,77.1362,2,296.5,0.1205
1434,5,67.6905,control_signal,92.46,0.0113,73.515,1,205.7,0.0452
1435,4,67.7167,sensor_data,436.84,0.0592,75.7124,3,437.4,0.2367
1436,10,67.9196,control_signal,290.63,0.049,74.0659,1,129.8,0.196
1437,0,68.0027,sensor_data,192.49,0.0391,77.7337,2,136.8,0.1565
1438,2,68.0087,control_signal,474.1,0.0419,73.2303,3,405.2,0.1675
1439,13,68.0151,sensor_data,363.65,0.0671,79.6095,1,350.8,0.2683
1440,1,68.0335,control_signal,87.83,0.0362,74.3726,1,459.6,0.1447
1441,7,68.1974,control_signal,425.38,0.0066,74.0816,2,299.4,0.0263
1442,5,68.2394,control_signal,167.41,0.039,74.6365,1,173.7,0.1559
1443,6,68.2808,control_signal,396.32,0.0176,71.3834,1,368.9,0.0706
1444,8,68.3642,aggregation,53.29,0.1452,81.3025,3,59.8,0.581
1445,13,68.4217,control_signal,12.6,0.0074,75.0143,2,245.9,0.0296
1446,9,68.4774,control_signal,221.82,0.0443,74.4148,2,426.9,0.1773
1447,5,68.5672,aggregation,29.06,0.0779,81.2982,1,74.9,0.3115
1448,0,68.6069,control_signal,424.33,0.0436,74.7995,3,338.3,0.1743
1449,7,68.6686,control_signal,264.43,0.0365,72.7887,5,452.2,0.1458
1450,3,68.6919,aggregation,23.81,0.0425,78.9058,1,371.1,0.17
1451,10,68.7272,alert,271.36,0.0056,74.6912,2,289.7,0.0222
1452,7,68.7726,sensor_data,157.84,0.0529,79.972,2,51.7,0.2116
1453,14,68.7961,image_processing,498.79,0.1167,76.9665,3,106.8,0.4668
1454,3,68.8768,alert,122.77,0.0395,73.1687,3,237.0,0.158
1455,3,68.9883,control_signal,450.26,0.0437,72.0511,4,85.0,0.175
1456,10,68.9969,aggregation,34.35,0.1023,83.6183,1,386.0,0.4091
1457,13,69.083,control_signal,90.44,0.0159,74.0783,4,423.0,0.0635
1458,12,69.0862,control_signal,187.98,0.0243,75.4739,3,322.2,0.097
1459,13,69.0972,alert,75.48,0.0147,74.0554,4,316.3,0.0587
1460,1,69.1368,aggregation,480.92,0.0817,80.7695,3,324.0,0.3269
1461,10,69.2272,aggregation,102.83,0.0953,82.759,1,249.6,0.3811
1462,6,69.3982,aggregation,417.93,0.0831,84.1435,5,199.0,0.3322
1463,8,69.447,image_processing,173.74,0.1767,75.9911,1,356.9,0.7069
1464,8,69.4498,sensor_data,197.55,0.0634,76.783,4,499.2,0.2538
1465,4,69.5212,aggregation,112.51,0.056,80.4224,2,159.4,0.2242
1466,13,69.5321,sensor_data,196.52,0.0392,76.4488,2,379.8,0.1567
1467,11,69.5439,control_signal,138.6,0.0432,73.0541,5,137.9,0.1728
1468,1,69.5483,sensor_data,11.83,0.0375,75.1911,1,291.5,0.1501
1469,13,69.5793,control_signal,80.97,0.04,76.0093,2,117.7,0.16
1470,4,69.5982,control_signal,252.83,0.0404,73.9801,3,429.9,0.1616
1471,0,69.6939,alert,166.87,0.0123,75.6292,3,363.2,0.0493
1472,7,69.753,control_signal,260.36,0.0114,74.7011,4,377.9,0.0455
1473,2,69.7736,image_processing,47.49,0.1965,81.5964,2,331.3,0.786
1474,8,69.7906,control_signal,176.07,0.0312,74.1893,4,244.9,0.1249
1475,7,69.8242,sensor_data,114.43,0.0494,78.7651,3,204.6,0.1976
1476,9,69.8376,control_signal,214.45,0.0497,75.9258,2,229.2,0.1989
1477,7,69.84,aggregation,445.61,0.1086,85.4568,2,359.3,0.4346
1478,6,69.8607,sensor_data,12.58,0.0432,80.2973,1,187.0,0.173
1479,12,69.8742,image_processing,208.11,0.1408,78.789,2,450.9,0.5634
1480,14,69.9354,aggregation,141.65,0.131,81.5275,3,353.1,0.524
1481,14,69.9849,control_signal,138.88,0.0386,73.7848,2,440.8,0.1543
1482,10,69.997,sensor_data,201.02,0.0674,80.6875,4,145.3,0.2695
1483,11,70.0903,sensor_data,264.98,0.0183,78.0778,1,263.7,0.0731
1484,9,70.129,sensor_data,182.16,0.0138,75.7963,4,451.8,0.0552
1485,8,70.27,alert,491.88,0.0302,75.0021,1,303.1,0.1206
1486,8,70.3396,alert,232.27,0.0066,73.4959,3,373.5,0.0266
1487,13,70.4483,control_signal,482.54,0.0436,74.957,1,436.4,0.1744
1488,13,70.597,aggregation,359.54,0.1271,83.4875,3,246.1,0.5082
1489,8,70.6212,image_processing,452.4,0.1149,79.9263,1,120.5,0.4594
1490,4,70.6727,aggregation,314.64,0.1332,81.5883,3,359.0,0.5327
1491,13,70.6808,sensor_data,156.89,0.0772,78.1065,3,248.4,0.3087
1492,7,70.6938,control_signal,43.46,0.0117,77.4353,3,398.6,0.0467
1493,7,70.7045,control_signal,258.34,0.015,75.2128,2,349.8,0.0601
1494,3,70.7334,control_signal,187.21,0.0051,75.1155,5,70.7,0.0203
1495,9,70.7918,sensor_data,322.98,0.0504,80.6867,1,341.9,0.2018
1496,4,70.8313,aggregation,316.49,0.0526,86.5609,3,131.3,0.2104
1497,7,70.8326,sensor_data,176.78,0.0616,79.2585,1,184.0,0.2464
1498,11,70.844,sensor_data,340.34,0.0592,81.0246,3,332.2,0.2368
1499,1,70.9024,sensor_data,482.49,0.0238,81.8021,2,481.2,0.0954
1500,14,70.95,sensor_data,126.26,0.0607,80.4565,1,259.5,0.2428
1501,13,70.9649,aggregation,330.85,0.069,87.2404,3,182.0,0.2761
1502,7,70.982,control_signal,72.12,0.0161,74.3414,1,318.1,0.0644
1503,11,71.0526,sensor_data,267.32,0.0287,82.0804,5,343.4,0.1147
1504,0,71.0869,image_processing,272.04,0.1829,82.1691,2,272.8,0.7316
1505,3,71.1295,aggregation,38.51,0.0916,82.5377,1,166.2,0.3663
1506,5,71.1561,image_processing,119.28,0.1087,79.7129,2,335.1,0.4348
1507,10,71.2199,sensor_data,420.32,0.0766,83.1876,4,219.1,0.3065
1508,8,71.3243,alert,116.17,0.0325,74.8398,1,331.3,0.1298
1509,2,71.4812,sensor_data,194.67,0.0102,80.0567,4,68.0,0.0409
1510,0,71.5338,sensor_data,300.21,0.0514,82.3514,5,195.2,0.2057
1511,1,71.558,alert,399.99,0.0392,74.8806,1,274.8,0.1569
1512,2,71.5654,sensor_data,90.25,0.0659,76.7967,2,168.2,0.2635
1513,14,71.5671,alert,217.41,0.0383,74.8707,2,179.5,0.1533
1514,4,71.7118,aggregation,208.49,0.1041,88.2144,3,462.8,0.4166
1515,9,71.775,image_processing,492.86,0.1904,79.9268,4,417.2,0.7616
1516,10,71.7982,image_processing,352.42,0.133,83.7305,3,397.2,0.532
1517,6,71.843,control_signal,376.52,0.0207,76.412,3,435.0,0.0828
1518,11,71.9314,sensor_data,444.66,0.0198,81.3795,3,463.8,0.0792
1519,6,72.1132,image_processing,274.58,0.1231,83.8995,2,160.8,0.4924
1520,3,72.1236,control_signal,221.38,0.0334,75.6918,2,252.5,0.1337
1521,8,72.166,image_processing,496.18,0.1332,78.8287,4,354.9,0.5327
1522,11,72.2405,control_signal,249.6,0.0395,76.0715,1,398.2,0.1579
1523,2,72.458,control_signal,363.1,0.0164,75.8949,1,289.4,0.0656
1524,4,72.5245,aggregation,167.46,0.0572,90.0512,1,161.0,0.2287
1525,8,72.5702,control_signal,444.16,0.0261,76.5712,2,157.8,0.1044
1526,6,72.6242,control_signal,63.07,0.013,76.8268,1,483.4,0.0522
1527,5,72.6407,sensor_data,429.94,0.0745,79.4386,2,116.6,0.2979
1528,12,72.6944,control_signal,312.42,0.0232,78.9717,2,213.4,0.0929
1529,1,72.7872,control_signal,135.1,0.0496,76.4863,1,469.5,0.1984
1530,11,72.8017,sensor_data,447.9,0.0769,78.1712,1,230.7,0.3075
1531,5,72.9277,control_signal,296.55,0.05,79.5852,1,177.9,0.1998
1532,6,72.9328,alert,310.58,0.0057,77.9016,5,270.3,0.023
1533,5,72.9556,alert,316.51,0.0229,76.5397,4,120.9,0.0916
1534,4,72.9641,image_processing,363.98,0.1407,83.2188,3,82.1,0.5627
1535,11,72.9681,aggregation,69.41,0.1407,83.3943,3,329.3,0.563
1536,5,73.1402,sensor_data,78.69,0.0592,81.6715,1,252.8,0.2369
1537,0,73.1551,image_processing,455.27,0.1469,82.0208,2,285.2,0.5877
1538,1,73.1888,aggregation,169.34,0.114,89.5427,2,127.8,0.4561
1539,12,73.2348,image_processing,355.58,0.0903,84.4269,1,218.8,0.3613
1540,0,73.2414,sensor_data,495.1,0.0796,81.2506,1,231.3,0.3186
1541,2,73.2575,image_processing,342.52,0.1852,81.8462,4,404.3,0.7408
1542,9,73.2727,control_signal,255.14,0.0083,78.7312,1,185.3,0.0331
1543,6,73.2902,alert,199.77,0.0223,77.461,1,449.9,0.0894
1544,9,73.321,control_signal,304.3,0.0241,77.9879,3,348.1,0.0963
1545,10,73.34,sensor_data,18.5,0.0172,80.4745,2,248.4,0.0689
1546,11,73.4189,control_signal,197.14,0.0334,77.6457,3,83.1,0.1337
1547,2,73.4526,alert,107.62,0.0187,78.5999,5,511.0,0.0748
1548,12,73.4771,control_signal,436.93,0.0349,76.8097,2,131.5,0.1395
1549,0,73.4892,alert,264.66,0.033,79.0999,2,396.8,0.1321
1550,12,73.5565,aggregation,430.11,0.0761,88.6919,1,229.3,0.3045
1551,6,73.5792,control_signal,106.54,0.0234,79.6684,2,66.9,0.0936
1552,13,73.6022,aggregation,60.92,0.0929,89.2485,4,380.5,0.3717
1553,3,73.758,control_signal,317.97,0.0491,76.8481,1,382.3,0.1965
1554,1,73.7608,control_signal,145.49,0.026,80.7368,3,289.6,0.1039
1555,0,73.7854,aggregation,475.81,0.0646,88.2249,2,253.0,0.2585
1556,13,73.8286,alert,406.67,0.0183,77.7409,5,341.6,0.0733
1557,7,73.8932,sensor_data,95.23,0.0373,78.9806,1,103.5,0.1492
1558,9,73.9551,control_signal,132.02,0.0089,78.4854,1,117.5,0.0354
1559,7,73.9703,control_signal,427.86,0.0292,80.0027,4,340.2,0.1166
1560,13,73.9707,sensor_data,170.42,0.0543,81.852,2,118.5,0.2173
1561,11,74.0224,aggregation,433.59,0.0366,89.4199,2,82.4,0.1466
1562,6,74.0641,alert,363.47,0.0395,79.1379,2,377.7,0.158
1563,9,74.0684,aggregation,16.35,0.038,85.8492,2,454.6,0.1519
1564,9,74.1015,sensor_data,46.56,0.0748,80.307,5,467.1,0.2993
1565,1,74.1111,sensor_data,385.02,0.0272,85.8995,3,153.0,0.1089
1566,7,74.1168,aggregation,266.17,0.1332,88.6082,3,294.1,0.5329
1567,6,74.1567,sensor_data,382.53,0.016,80.0391,1,74.2,0.0639
1568,13,74.2092,aggregation,384.03,0.0305,86.7055,2,266.6,0.122
1569,4,74.2545,sensor_data,60.47,0.0241,84.3042,2,128.5,0.0966
1570,0,74.2717,control_signal,146.4,0.0441,77.9763,1,389.8,0.1765
1571,12,74.315,sensor_data,270.38,0.0761,83.9653,3,68.7,0.3042
1572,14,74.3436,image_processing,108.94,0.1131,85.37,2,406.1,0.4525
1573,2,74.3773,image_processing,361.05,0.1207,85.9253,1,340.6,0.4828
1574,9,74.4368,aggregation,109.13,0.15,84.7587,1,121.3,0.6
1575,0,74.4792,sensor_data,337.56,0.0715,82.6202,2,197.7,0.286
1576,12,74.5258,sensor_data,254.27,0.0346,85.9249,1,273.2,0.1383
1577,7,74.6026,sensor_data,271.24,0.0357,85.5091,2,446.7,0.1428
1578,6,74.6242,sensor_data,204.55,0.0173,82.1617,1,321.6,0.069
1579,2,74.6589,control_signal,141.8,0.0151,79.9033,3,369.0,0.0603
1580,4,74.7074,control_signal,262.47,0.027,78.079,3,336.6,0.1081
1581,14,74.7907,sensor_data,441.2,0.0762,80.5029,4,243.9,0.3048
1582,2,74.8045,control_signal,438.32,0.0465,78.7394,2,263.3,0.1859
1583,4,74.8732,sensor_data,469.86,0.0251,82.8718,1,475.8,0.1002
1584,14,74.8883,control_signal,314.64,0.0289,78.5756,5,464.4,0.1156
1585,10,74.9069,image_processing,125.07,0.1056,85.2455,4,138.3,0.4224
1586,2,74.9327,control_signal,47.97,0.0132,78.6917,4,410.4,0.0528
1587,7,74.9381,control_signal,390.0,0.0402,79.6268,2,310.9,0.161
1588,5,75.0391,control_signal,379.02,0.0314,81.0424,2,289.6,0.1254
1589,13,75.1314,aggregation,194.35,0.0365,85.7065,1,223.1,0.1462
1590,1,75.2751,sensor_data,328.76,0.057,85.818,2,481.9,0.2281
1591,1,75.3173,aggregation,328.0,0.0933,86.9721,3,365.7,0.3733
1592,11,75.3704,image_processing,483.32,0.1939,86.4119,5,51.2,0.7755
1593,14,75.387,sensor_data,155.78,0.0225,82.4533,2,55.0,0.09
1594,3,75.3883,control_signal,498.92,0.0343,81.9455,2,170.2,0.1371
1595,11,75.4505,image_processing,360.27,0.0936,89.2444,2,94.7,0.3743
1596,0,75.4608,sensor_data,324.73,0.039,86.3594,2,154.4,0.1559
1597,6,75.4743,sensor_data,306.81,0.0214,85.1434,4,257.7,0.0856
1598,4,75.7074,aggregation,268.76,0.1129,91.361,4,155.2,0.4517
1599,13,75.7151,sensor_data,405.97,0.0657,81.6458,2,108.0,0.2629
1600,1,75.7195,aggregation,67.02,0.1234,88.0238,1,148.4,0.4937
1601,5,75.7231,aggregation,25.81,0.0559,87.4519,3,368.3,0.2235
1602,9,75.7731,sensor_data,431.47,0.0776,84.0823,3,88.9,0.3105
1603,12,75.794,aggregation,98.31,0.1001,91.0222,2,456.8,0.4005
1604,3,75.813,control_signal,412.43,0.0166,80.7632,3,474.6,0.0664
1605,2,75.8503,sensor_data,116.85,0.0374,82.4702,3,87.1,0.1494
1606,3,75.8553,image_processing,355.08,0.1492,82.228,2,444.8,0.5969
1607,7,75.8619,sensor_data,136.4,0.0103,82.3021,3,285.3,0.0412
1608,11,75.9785,sensor_data,109.28,0.0329,81.7041,2,304.8,0.1317
1609,11,76.0778,image_processing,84.75,0.1088,87.4065,3,55.2,0.4351
1610,9,76.1166,control_signal,193.95,0.0131,81.3523,2,192.7,0.0525
1611,2,76.2313,image_processing,428.63,0.1149,86.5677,3,199.1,0.4595
1612,8,76.235,control_signal,381.39,0.0296,80.9606,4,142.2,0.1182
1613,7,76.2728,control_signal,194.63,0.0226,81.4094,3,283.6,0.0903
1614,14,76.3264,sensor_data,306.89,0.0158,83.4399,1,174.3,0.0631
1615,11,76.4131,alert,181.68,0.0311,82.2335,1,244.3,0.1245
1616,5,76.4534,image_processing,457.76,0.1357,87.8876,3,165.2,0.5427
1617,14,76.4928,sensor_data,489.87,0.0381,84.4492,1,266.6,0.1525
1618,2,76.5089,control_signal,321.87,0.0322,82.513,2,77.5,0.1286
1619,12,76.5604,sensor_data,323.74,0.0453,86.955,4,411.7,0.1812
1620,5,76.5667,sensor_data,216.95,0.0623,88.2649,3,231.4,0.2492
1621,8,76.6581,aggregation,86.97,0.1394,94.0119,1,398.8,0.5578
1622,9,76.6899,image_processing,345.05,0.1177,89.474,1,108.4,0.4706
1623,7,76.6952,aggregation,282.98,0.049,93.0499,2,177.3,0.1961
1624,14,76.712,aggregation,296.17,0.1234,92.8617,5,319.7,0.4935
1625,11,76.7412,sensor_data,371.07,0.0292,83.7133,2,386.7,0.1166
1626,14,76.9053,sensor_data,14.67,0.0168,86.5711,4,292.9,0.0673
1627,10,76.9581,sensor_data,168.65,0.0499,85.5729,1,241.9,0.1994
1628,13,77.0316,control_signal,219.3,0.0196,80.8008,1,401.5,0.0785
1629,7,77.2482,control_signal,241.37,0.0349,81.319,1,387.4,0.1397
1630,14,77.3123,control_signal,283.35,0.0479,81.6134,3,142.1,0.1916
1631,7,77.3159,sensor_data,214.14,0.0147,87.1952,4,176.6,0.059
1632,13,77.3739,control_signal,99.07,0.0323,81.6051,1,352.9,0.1293
1633,1,77.4434,control_signal,164.82,0.0308,84.361,1,116.0,0.1231
1634,1,77.461,sensor_data,81.46,0.0621,84.5361,3,189.1,0.2485
1635,5,77.4693,sensor_data,261.12,0.0754,84.5087,4,369.6,0.3015
1636,11,77.5074,aggregation,362.26,0.0948,91.7959,3,359.6,0.3792
1637,2,77.7987,alert,86.31,0.034,81.5073,2,167.3,0.136
1638,9,77.8704,control_signal,84.7,0.0345,82.9233,1,291.0,0.1382
1639,12,77.9663,aggregation,154.59,0.0778,89.829,1,61.6,0.3112
1640,14,78.0355,control_signal,335.12,0.0106,84.5194,2,349.8,0.0425
1641,9,78.0554,image_processing,431.55,0.0919,86.0051,4,509.3,0.3677
1642,4,78.1003,image_processing,442.54,0.1212,89.821,1,145.0,0.485
1643,2,78.2375,sensor_data,426.93,0.0691,83.7901,2,237.7,0.2763
1644,5,78.2542,image_processing,82.57,0.0957,88.8484,5,418.6,0.3828
1645,12,78.2569,control_signal,208.65,0.0184,82.783,4,310.8,0.0736
1646,6,78.6132,aggregation,62.67,0.0849,89.6392,2,328.5,0.3398
1647,11,78.6366,control_signal,350.75,0.0298,82.7151,1,266.7,0.119
1648,0,78.8535,alert,385.84,0.0055,83.2608,1,389.7,0.0222
1649,9,78.8954,sensor_data,174.59,0.0453,88.0918,3,410.2,0.1813
1650,11,78.9341,control_signal,252.76,0.0344,82.5265,1,139.4,0.1377
1651,2,78.9836,sensor_data,283.69,0.0712,84.3268,3,480.8,0.2848
1652,9,79.0241,control_signal,115.65,0.0116,84.5671,5,475.4,0.0464
1653,13,79.1779,image_processing,334.88,0.1152,90.9135,1,172.7,0.4606
1654,3,79.2032,alert,153.78,0.0384,84.74,2,138.8,0.1534
1655,14,79.2109,control_signal,331.89,0.0079,84.7814,4,452.7,0.0317
1656,2,79.3025,aggregation,262.61,0.0462,92.2922,1,122.4,0.1847
1657,14,79.3563,control_signal,151.28,0.0107,86.0927,2,510.4,0.043
1658,8,79.358,sensor_data,97.96,0.0751,85.9154,2,247.4,0.3003
1659,3,79.4113,aggregation,358.23,0.035,94.3531,5,117.3,0.1402
1660,3,79.4893,image_processing,47.9,0.1557,85.7937,4,312.2,0.6227
1661,1,79.5072,sensor_data,88.61,0.0716,86.1949,3,457.7,0.2864
1662,3,79.5319,sensor_data,451.74,0.0207,85.7353,1,61.2,0.0827
1663,10,79.538,aggregation,401.93,0.0735,92.7113,1,350.5,0.294
1664,4,79.554,control_signal,434.64,0.0359,83.8287,5,442.3,0.1437
1665,2,79.6069,alert,231.94,0.0133,85.2853,3,432.1,0.0531
1666,4,79.6084,control_signal,142.4,0.0331,84.9691,3,415.1,0.1325
1667,1,79.6785,alert,395.08,0.0135,84.8535,5,118.2,0.0539
1668,13,79.8146,aggregation,20.87,0.1142,92.3191,2,182.0,0.4569
1669,13,79.8201,control_signal,467.77,0.0467,83.432,2,437.3,0.1869
1670,4,79.8474,sensor_data,97.86,0.049,91.3165,1,488.4,0.1958
1671,5,79.8584,control_signal,47.73,0.0336,83.1007,3,304.7,0.1342
1672,8,79.8895,sensor_data,145.13,0.062,91.8348,2,199.2,0.2479
1673,4,79.9638,aggregation,228.48,0.0718,95.3777,3,433.0,0.287
1674,7,80.0138,sensor_data,138.58,0.0287,88.6252,4,229.7,0.1148
1675,5,80.0384,control_signal,458.98,0.0158,85.1767,2,172.1,0.0632
1676,6,80.0484,image_processing,310.74,0.1814,87.2457,4,404.8,0.7257
1677,10,80.2373,sensor_data,108.71,0.0612,89.3224,1,220.7,0.2449
1678,0,80.2517,alert,26.7,0.034,85.7846,1,359.5,0.136
1679,13,80.2687,sensor_data,116.08,0.0205,90.9074,1,396.3,0.0818
1680,9,80.2689,alert,26.75,0.0292,86.0031,3,150.8,0.117
1681,12,80.4773,sensor_data,103.27,0.0397,88.2071,4,225.3,0.1587
1682,13,80.5485,alert,198.96,0.0344,85.1819,3,413.4,0.1376
1683,9,80.6417,sensor_data,296.73,0.0398,89.6837,2,400.0,0.1591
1684,5,80.7324,sensor_data,137.74,0.0524,92.6404,1,131.7,0.2095
1685,12,80.7574,sensor_data,110.0,0.0414,88.4776,4,254.7,0.1657
1686,9,80.785,control_signal,190.0,0.0099,84.0544,2,163.0,0.0394
1687,12,80.8636,alert,68.39,0.0052,84.9169,1,52.1,0.0209
1688,10,80.9237,image_processing,494.93,0.1546,87.6934,5,266.3,0.6183
1689,10,80.9277,control_signal,391.56,0.0374,87.7735,3,332.2,0.1497
1690,14,80.96,control_signal,81.11,0.0117,87.2832,2,180.1,0.0469
1691,13,81.113,control_signal,206.61,0.0062,86.378,3,190.7,0.0246
1692,14,81.1563,sensor_data,11.12,0.0773,88.6063,4,432.2,0.3091
1693,3,81.2036,control_signal,81.41,0.0331,86.8476,3,162.4,0.1326
1694,0,81.2179,image_processing,364.22,0.139,93.4715,5,252.3,0.556
1695,0,81.4064,sensor_data,248.2,0.0297,90.7825,3,214.7,0.1189
1696,1,81.521,image_processing,348.27,0.1794,90.329,2,401.6,0.7175
1697,14,81.5545,alert,95.71,0.0237,84.7279,4,226.3,0.095
1698,0,81.5751,control_signal,188.11,0.0235,87.4468,3,446.4,0.0941
1699,14,81.5904,alert,213.49,0.033,84.971,1,74.3,0.1321
1700,0,81.615,control_signal,474.22,0.0426,86.7897,2,340.5,0.1704
1701,12,81.6228,control_signal,466.4,0.0293,86.164,5,141.7,0.1173
1702,9,81.636,sensor_data,330.47,0.0494,87.5063,4,209.5,0.1975
1703,9,81.6383,sensor_data,63.67,0.0181,93.1531,1,187.9,0.0726
1704,12,81.7306,aggregation,377.57,0.0308,93.1991,2,62.1,0.1234
1705,6,81.7347,image_processing,131.67,0.0981,91.8184,3,408.8,0.3926
1706,5,81.7372,sensor_data,213.3,0.0736,92.4408,2,459.7,0.2945
1707,1,81.8285,control_signal,415.53,0.006,85.6517,1,181.8,0.0241
1708,9,81.8649,control_signal,121.77,0.0186,86.7325,5,125.5,0.0746
1709,3,81.9254,aggregation,68.06,0.0864,92.9584,2,213.3,0.3456
1710,3,82.0068,image_processing,90.36,0.1356,95.4373,1,325.4,0.5424
1711,3,82.0388,control_signal,47.37,0.0133,85.4176,4,180.4,0.0533
1712,14,82.1019,control_signal,255.07,0.021,86.6016,4,435.7,0.0838
1713,12,82.1364,control_signal,10.1,0.0234,88.4481,2,169.9,0.0937
1714,6,82.3139,sensor_data,272.87,0.0374,93.5576,5,385.8,0.1497
1715,9,82.393,alert,416.0,0.0223,86.5626,1,482.6,0.0891
1716,8,82.41,sensor_data,337.16,0.0462,91.2915,3,148.9,0.1847
1717,11,82.4436,sensor_data,278.44,0.0348,91.9028,1,389.4,0.1393
1718,6,82.454,sensor_data,376.98,0.0571,92.0241,1,101.0,0.2283
1719,1,82.5135,sensor_data,74.31,0.0265,88.3157,2,508.2,0.1061
1720,2,82.5265,control_signal,122.13,0.0464,89.3797,4,114.2,0.1857
1721,5,82.5605,aggregation,131.19,0.0316,95.8135,3,57.4,0.1262
1722,6,82.5957,sensor_data,186.99,0.0133,93.8775,1,154.2,0.0531
1723,14,82.634,alert,320.14,0.0119,87.1657,2,247.3,0.0478
1724,11,82.6473,alert,118.54,0.0268,88.3261,3,488.0,0.1072
1725,6,82.6823,sensor_data,286.5,0.0784,89.8526,2,51.7,0.3135
1726,14,82.7701,control_signal,452.93,0.0488,88.3822,5,312.3,0.1952
1727,14,82.784,image_processing,330.92,0.1721,92.9745,1,55.1,0.6883
1728,3,82.804,sensor_data,332.39,0.026,91.4023,3,462.9,0.1039
1729,9,82.8605,image_processing,110.82,0.1869,93.8219,5,130.8,0.7475
1730,2,82.8712,alert,16.51,0.0251,87.9156,4,130.9,0.1003
1731,13,83.0132,control_signal,382.58,0.0195,87.343,1,140.8,0.078
1732,0,83.0812,aggregation,299.17,0.148,98.3576,5,167.8,0.5922
1733,2,83.1494,control_signal,231.03,0.0279,87.1908,2,197.3,0.1118
1734,7,83.2081,alert,353.62,0.009,88.8083,1,103.5,0.0358
1735,4,83.2256,control_signal,86.99,0.0078,86.4618,4,432.6,0.0311
1736,11,83.2541,sensor_data,445.76,0.0606,93.4234,3,390.2,0.2426
1737,9,83.2876,aggregation,51.43,0.0968,94.9919,2,92.4,0.3871
1738,2,83.3237,control_signal,195.68,0.0185,90.2037,1,236.4,0.074
1739,11,83.3886,alert,23.4,0.0286,88.292,2,66.7,0.1143
1740,10,83.4061,image_processing,373.9,0.1889,91.0518,4,449.3,0.7556
1741,9,83.4345,control_signal,21.91,0.0253,87.3205,3,249.3,0.1012
1742,3,83.5981,aggregation,398.75,0.0895,101.5554,4,407.3,0.3579
1743,13,83.7324,control_signal,77.72,0.0079,90.3927,2,331.8,0.0317
1744,3,83.7492,control_signal,341.52,0.026,88.1927,1,275.8,0.1039
1745,2,83.8008,control_signal,106.84,0.0323,87.2656,4,158.6,0.1292
1746,11,83.8124,control_signal,441.66,0.0156,88.009,2,162.6,0.0623
1747,1,83.8316,sensor_data,495.32,0.037,94.363,2,258.7,0.148
1748,5,83.8499,image_processing,484.92,0.138,91.2739,5,251.3,0.552
1749,4,83.9001,alert,254.28,0.0288,89.3869,2,189.2,0.1153
1750,4,84.0242,control_signal,205.17,0.04,87.444,4,236.7,0.1602
1751,8,84.054,control_signal,443.58,0.0477,87.5602,1,241.1,0.1907
1752,9,84.1957,alert,288.83,0.0237,87.8077,1,417.8,0.0948
1753,4,84.3,sensor_data,254.89,0.0437,89.6827,3,172.7,0.1749
1754,10,84.3353,control_signal,82.14,0.0144,90.2855,1,350.7,0.0576
1755,5,84.3887,aggregation,228.6,0.0362,95.4014,3,259.6,0.1447
1756,9,84.4336,aggregation,89.92,0.1439,97.2326,1,118.5,0.5758
1757,13,84.5176,alert,82.92,0.0355,88.5587,2,508.3,0.1422
1758,2,84.5597,aggregation,313.58,0.1288,97.7704,2,171.2,0.5152
1759,13,84.5932,sensor_data,416.3,0.0167,94.5419,2,311.7,0.0667
1760,3,84.6361,control_signal,393.17,0.0349,88.1725,1,428.2,0.1395
1761,4,84.6767,alert,260.03,0.0179,89.9284,1,442.9,0.0716
1762,5,84.6906,control_signal,308.84,0.0237,89.9864,4,300.1,0.0949
1763,12,84.6917,control_signal,370.6,0.0168,88.0951,1,329.9,0.0671
1764,8,84.7154,aggregation,455.69,0.039,96.3387,3,261.5,0.1558
1765,7,84.7363,aggregation,451.72,0.1383,96.8404,1,501.7,0.5532
1766,2,85.0158,control_signal,492.27,0.0093,91.2305,1,200.4,0.0374
1767,12,85.0549,control_signal,39.75,0.012,91.2047,5,478.4,0.0479
1768,1,85.0964,sensor_data,360.42,0.0795,96.0648,1,81.6,0.318
1769,4,85.1474,aggregation,372.2,0.0752,100.4949,2,116.2,0.3007
1770,5,85.2028,image_processing,479.97,0.1197,91.704,3,299.9,0.4789
1771,5,85.211,aggregation,430.21,0.0793,103.0919,1,221.4,0.3174
1772,4,85.2414,sensor_data,483.26,0.0548,93.899,2,412.1,0.219
1773,8,85.2453,sensor_data,332.17,0.0463,90.54,3,107.7,0.1851
1774,11,85.2454,sensor_data,178.25,0.0327,96.0131,3,335.5,0.1308
1775,10,85.2794,control_signal,107.79,0.024,89.1705,3,55.3,0.0961
1776,14,85.4659,alert,248.47,0.0155,91.2259,3,371.5,0.0618
1777,4,85.496,image_processing,496.92,0.0956,92.1492,1,377.2,0.3823
1778,9,85.4994,sensor_data,32.97,0.065,97.4467,3,381.2,0.26
1779,12,85.5156,alert,90.59,0.0363,89.8866,4,485.6,0.145
1780,1,85.5251,aggregation,137.7,0.0558,95.5789,4,115.2,0.2232
1781,13,85.5856,control_signal,82.76,0.0383,90.2111,1,417.1,0.153
1782,9,85.6036,aggregation,400.58,0.0417,99.2684,1,128.2,0.1669
1783,5,85.6522,alert,477.43,0.0167,89.2086,2,330.9,0.0667
1784,1,85.6781,sensor_data,212.04,0.0489,97.2016,4,190.5,0.1955
1785,8,85.7264,sensor_data,358.47,0.0749,95.1019,4,477.5,0.2996
1786,3,85.7712,control_signal,250.17,0.0298,92.7533,2,298.2,0.1191
1787,14,85.8741,control_signal,23.68,0.013,89.4698,3,200.4,0.0519
1788,2,85.8914,sensor_data,164.61,0.0326,93.6425,1,368.0,0.1306
1789,7,85.9113,control_signal,172.37,0.0149,89.6726,1,210.3,0.0594
1790,3,85.9416,control_signal,56.69,0.0442,90.164,2,107.0,0.1767
1791,12,85.9764,aggregation,472.47,0.0374,99.6935,1,143.0,0.1496
1792,9,85.9872,image_processing,84.64,0.1263,97.1764,3,166.7,0.5052
1793,1,86.0248,sensor_data,126.33,0.0162,94.6996,3,395.4,0.0648
1794,12,86.0872,image_processing,19.03,0.1351,97.452,5,334.5,0.5405
1795,5,86.1013,sensor_data,418.4,0.0404,96.4072,4,285.9,0.1616
1796,5,86.2019,image_processing,303.18,0.1561,96.5511,3,379.4,0.6244
1797,13,86.2853,sensor_data,226.71,0.0713,97.3033,1,316.4,0.2851
1798,9,86.3626,sensor_data,150.84,0.0723,92.0138,4,484.0,0.2894
1799,6,86.4279,sensor_data,233.52,0.0235,94.3702,2,176.8,0.0939
1800,4,86.4778,sensor_data,194.87,0.0535,96.1125,2,212.4,0.2141
1801,3,86.5088,image_processing,266.19,0.1274,97.3579,4,220.5,0.5097
1802,6,86.5603,aggregation,205.96,0.0493,101.3146,5,383.3,0.1973
1803,4,86.6502,control_signal,284.87,0.0428,92.4629,1,119.0,0.1711
1804,9,86.6769,sensor_data,322.38,0.0703,93.5135,1,344.0,0.2813
1805,5,86.6854,control_signal,306.91,0.0226,90.3762,2,406.4,0.0905
1806,1,86.8327,sensor_data,27.63,0.0516,91.9875,2,331.4,0.2062
1807,11,86.9544,image_processing,349.43,0.0909,98.5797,3,288.5,0.3636
1808,14,86.9754,sensor_data,405.09,0.0687,93.813,5,470.5,0.2747
1809,5,86.9988,alert,342.08,0.0346,90.2846,2,354.3,0.1385
1810,6,87.0724,control_signal,219.36,0.0154,90.2419,4,391.0,0.0616
1811,13,87.0998,aggregation,257.95,0.1269,100.0753,2,102.3,0.5075
1812,8,87.1281,aggregation,68.26,0.1033,103.0958,4,146.2,0.4133
1813,7,87.1651,image_processing,248.76,0.1094,97.101,1,217.1,0.4376
1814,2,87.1778,sensor_data,258.95,0.0739,94.394,4,259.1,0.2956
1815,5,87.2167,aggregation,87.05,0.0836,100.7387,1,332.5,0.3343
1816,12,87.2282,control_signal,218.38,0.046,91.6637,4,464.1,0.1838
1817,2,87.2491,sensor_data,143.07,0.0294,93.4527,4,200.0,0.1175
1818,10,87.2652,control_signal,256.77,0.0265,91.6736,3,507.8,0.1061
1819,9,87.269,image_processing,460.32,0.1635,94.499,4,459.7,0.654
1820,7,87.3672,control_signal,178.84,0.0389,91.9213,2,308.3,0.1558
1821,13,87.386,alert,259.34,0.0291,92.3291,1,482.7,0.1166
1822,6,87.4032,sensor_data,340.55,0.0419,94.9584,1,453.6,0.1677
1823,0,87.7123,control_signal,42.46,0.05,93.2246,3,203.1,0.1999
1824,14,87.7546,aggregation,497.98,0.0908,101.1929,3,287.4,0.3634
1825,0,87.7572,alert,298.06,0.0164,92.8734,4,305.7,0.0654
1826,8,87.7838,sensor_data,427.45,0.0634,95.6888,2,370.0,0.2535
1827,6,87.8035,image_processing,356.11,0.1723,96.5444,1,76.9,0.6892
1828,11,87.8343,aggregation,228.49,0.0328,105.4167,5,414.1,0.131
1829,5,87.8442,image_processing,318.26,0.18,101.6361,1,230.0,0.72
1830,11,87.8531,control_signal,439.23,0.0468,91.6742,2,438.4,0.1874
1831,1,87.8576,image_processing,121.09,0.1307,99.4305,4,428.8,0.5226
1832,4,87.9181,control_signal,411.09,0.0244,91.5981,1,486.0,0.0976
1833,4,87.9195,image_processing,141.04,0.1891,98.7164,4,374.1,0.7562
1834,14,87.992,alert,420.75,0.0071,93.9872,1,385.2,0.0282
1835,11,88.0003,control_signal,196.85,0.0301,92.4516,1,177.0,0.1204
1836,6,88.0682,control_signal,358.44,0.026,93.3776,3,161.8,0.104
1837,2,88.1285,control_signal,489.66,0.0425,94.6178,5,342.8,0.1699
1838,13,88.1804,sensor_data,400.18,0.0651,99.8678,2,224.5,0.2605
1839,13,88.1823,control_signal,353.74,0.0215,94.4646,1,378.7,0.0861
1840,5,88.2028,sensor_data,367.6,0.0359,96.8542,3,398.0,0.1437
1841,10,88.2528,alert,243.94,0.0292,91.969,3,367.2,0.1167
1842,13,88.2538,alert,280.44,0.0346,92.1872,4,384.1,0.1383
1843,2,88.2716,image_processing,496.54,0.1778,96.4824,5,248.7,0.7111
1844,0,88.2958,alert,417.52,0.0343,94.1484,2,76.1,0.1371
1845,5,88.3942,sensor_data,61.87,0.0363,94.255,1,145.1,0.1454
1846,11,88.4067,alert,480.47,0.0203,93.2018,4,348.3,0.0812
1847,1,88.417,aggregation,253.24,0.1163,103.939,3,263.2,0.4653
1848,5,88.5771,control_signal,293.9,0.021,93.2912,2,99.9,0.0839
1849,5,88.5985,alert,173.12,0.0182,93.7192,1,89.0,0.0727
1850,7,88.62,control_signal,467.38,0.0273,93.9168,3,64.3,0.109
1851,7,88.6874,alert,463.24,0.0328,92.4691,2,92.7,0.1311
1852,3,88.7449,image_processing,167.13,0.199,101.649,4,152.7,0.7959
1853,1,88.7721,alert,225.21,0.0294,94.6788,2,151.7,0.1176
1854,6,88.8173,control_signal,344.93,0.0436,91.9106,1,270.0,0.1745
1855,0,88.8363,control_signal,324.04,0.023,94.0234,5,203.5,0.092
1856,8,88.8922,image_processing,479.2,0.1148,101.8126,4,313.3,0.4593
1857,5,88.8993,aggregation,487.49,0.0877,103.6773,1,416.2,0.3509
1858,7,88.9064,control_signal,288.69,0.034,95.0761,4,219.0,0.1358
1859,13,88.927,image_processing,143.76,0.1578,101.3522,2,470.2,0.6312
1860,0,88.9278,sensor_data,427.3,0.0646,99.1345,3,487.6,0.2585
1861,13,88.94,sensor_data,353.83,0.0537,99.874,1,219.6,0.2148
1862,8,88.9748,aggregation,420.43,0.0952,105.1952,1,334.6,0.3809
1863,6,88.9948,sensor_data,278.8,0.0259,97.4239,4,263.0,0.1036
1864,1,89.0017,sensor_data,166.24,0.0687,98.0005,5,121.9,0.2746
1865,5,89.2937,alert,419.52,0.0203,94.5076,1,415.9,0.0812
1866,10,89.3854,image_processing,103.2,0.1881,101.6056,2,482.6,0.7522
1867,2,89.3995,sensor_data,438.36,0.0477,100.8094,3,457.6,0.1909
1868,1,89.4856,aggregation,119.29,0.1459,99.8774,4,290.3,0.5835
1869,12,89.6061,control_signal,167.32,0.0171,93.9023,4,355.9,0.0682
1870,11,89.6712,control_signal,427.44,0.0242,93.9425,5,245.6,0.097
1871,9,89.6738,image_processing,389.72,0.0817,98.2796,2,475.5,0.3269
1872,3,89.7129,aggregation,228.42,0.0542,101.2897,5,320.5,0.2168
1873,10,89.7474,sensor_data,42.8,0.0107,95.1437,4,159.4,0.0427
1874,4,89.7833,sensor_data,12.11,0.0509,97.657,2,391.4,0.2035
1875,12,89.7889,control_signal,454.92,0.0369,92.8495,5,51.1,0.1475
1876,6,89.8477,sensor_data,309.57,0.0689,98.6328,1,85.6,0.2757
1877,10,89.9476,sensor_data,423.89,0.0534,100.7739,3,298.7,0.2138
1878,13,89.9517,aggregation,207.72,0.1359,107.9184,3,367.9,0.5436
1879,3,89.9665,control_signal,230.81,0.0336,94.6788,1,394.1,0.1346
1880,10,89.967,sensor_data,59.07,0.021,98.8651,2,222.0,0.0839
1881,7,90.0484,image_processing,438.64,0.1299,100.8362,2,458.3,0.5195
1882,2,90.2736,alert,479.07,0.0083,94.9564,3,339.2,0.0333
1883,14,90.2745,control_signal,140.83,0.0469,95.1606,5,245.5,0.1876
1884,5,90.3815,control_signal,246.52,0.013,96.6183,5,88.8,0.0521
1885,11,90.4091,sensor_data,269.64,0.0604,99.7574,3,368.6,0.2416
1886,12,90.5445,alert,163.97,0.0211,95.4522,1,496.4,0.0844
1887,6,90.7205,control_signal,47.91,0.0155,96.1952,1,79.6,0.0619
1888,1,90.7963,sensor_data,219.49,0.068,98.1901,3,189.6,0.2722
1889,13,90.8026,sensor_data,200.31,0.037,98.1958,1,459.5,0.1482
1890,14,90.84,image_processing,290.82,0.0807,102.8471,1,481.0,0.3228
1891,14,90.8488,aggregation,71.84,0.0474,108.5611,2,123.4,0.1897
1892,2,91.0703,image_processing,390.44,0.1487,99.1437,4,473.9,0.5946
1893,3,91.1003,image_processing,177.81,0.1887,102.2117,5,106.6,0.7547
1894,2,91.1121,sensor_data,453.6,0.0299,100.4222,2,305.9,0.1194
1895,6,91.1288,sensor_data,33.81,0.0595,96.8336,3,297.1,0.2381
1896,6,91.2867,alert,216.52,0.0068,96.3283,2,462.8,0.0273
1897,3,91.2921,aggregation,74.81,0.0563,106.5494,1,379.9,0.2253
1898,1,91.3535,control_signal,465.44,0.0454,97.3068,4,194.4,0.1817
1899,14,91.457,sensor_data,180.74,0.0365,101.3367,1,93.4,0.146
1900,11,91.4813,control_signal,373.14,0.032,97.9124,2,146.4,0.1279
1901,10,91.5324,image_processing,471.61,0.148,100.7758,1,254.3,0.5919
1902,1,91.5705,control_signal,176.06,0.0229,97.3692,3,422.0,0.0917
1903,13,91.5991,image_processing,82.1,0.0854,103.789,3,221.7,0.3415
1904,10,91.6231,control_signal,93.18,0.034,95.1252,3,205.6,0.1361
1905,6,91.6264,aggregation,367.96,0.1122,106.5995,4,471.1,0.4489
1906,1,91.6423,sensor_data,139.17,0.0624,98.1609,1,314.4,0.2497
1907,13,91.6514,alert,331.98,0.0283,96.4822,1,404.5,0.1133
1908,9,91.6798,control_signal,468.66,0.014,95.8837,2,59.2,0.056
1909,12,91.7455,control_signal,400.61,0.0064,96.3568,2,437.6,0.0258
1910,0,91.7583,sensor_data,427.88,0.0651,101.4813,1,281.4,0.2604
1911,0,91.7737,sensor_data,162.62,0.0218,102.4844,1,403.8,0.0872
1912,10,91.7921,image_processing,324.27,0.187,100.0203,5,162.6,0.7482
1913,2,91.8654,sensor_data,464.84,0.0737,97.587,2,462.6,0.2948
1914,9,91.9587,sensor_data,317.61,0.0641,97.4287,5,491.7,0.2564
1915,5,91.9657,image_processing,280.71,0.1575,103.032,3,332.8,0.63
1916,0,92.0752,control_signal,157.7,0.0329,96.332,1,420.1,0.1315
1917,1,92.1471,image_processing,443.1,0.1553,105.7104,1,120.9,0.6213
1918,3,92.1515,control_signal,457.33,0.0312,96.2821,3,216.1,0.1249
1919,10,92.2033,image_processing,397.93,0.1944,104.4322,5,327.4,0.7775
1920,13,92.2452,control_signal,28.48,0.0299,97.2553,1,60.1,0.1197
1921,11,92.28,control_signal,408.25,0.0074,96.9727,3,361.3,0.0296
1922,0,92.2838,aggregation,263.23,0.0475,104.705,5,511.1,0.1902
1923,14,92.3327,aggregation,336.16,0.1175,106.5541,1,174.4,0.4701
1924,14,92.3691,image_processing,122.46,0.1188,100.2975,2,153.4,0.475
1925,4,92.3838,sensor_data,145.7,0.0152,98.1095,4,199.4,0.0609
1926,7,92.4116,sensor_data,368.18,0.0652,99.5614,1,347.7,0.2608
1927,1,92.4804,sensor_data,389.32,0.0749,104.355,5,113.1,0.2995
1928,9,92.4826,control_signal,373.57,0.0175,97.5739,3,451.7,0.0699
1929,6,92.5082,sensor_data,426.04,0.0748,103.7234,1,295.5,0.2994
1930,11,92.5942,image_processing,177.75,0.0814,101.2111,1,427.7,0.3256
1931,12,92.6205,control_signal,209.3,0.0212,98.4672,1,332.2,0.0847
1932,7,92.7121,image_processing,101.31,0.1698,106.6015,4,304.9,0.6793
1933,13,92.7205,aggregation,32.41,0.0861,104.4196,4,426.4,0.3444
1934,2,92.7895,sensor_data,165.44,0.0616,101.6929,4,346.8,0.2466
1935,5,92.9195,aggregation,81.08,0.1083,108.6898,5,182.0,0.433
1936,12,92.9267,image_processing,63.43,0.1581,103.7131,2,332.6,0.6326
1937,8,93.0092,control_signal,172.79,0.01,99.9831,2,166.2,0.0401
1938,9,93.0234,sensor_data,17.55,0.0653,101.6108,2,75.5,0.2613
1939,4,93.0291,aggregation,235.38,0.0436,104.7647,1,299.1,0.1746
1940,6,93.0339,image_processing,363.0,0.0906,103.6478,1,344.0,0.3624
1941,12,93.0582,image_processing,363.09,0.1745,106.5396,2,475.2,0.698
1942,3,93.0589,sensor_data,459.11,0.0636,104.1649,1,385.4,0.2544
1943,2,93.0721,control_signal,98.86,0.0401,98.8748,4,263.3,0.1602
1944,8,93.0965,image_processing,18.21,0.1588,103.805,1,62.3,0.6352
1945,4,93.1239,alert,347.99,0.0171,97.7149,1,328.0,0.0682
1946,13,93.1348,control_signal,270.26,0.0347,96.3171,3,65.7,0.1386
1947,11,93.1527,alert,364.21,0.0357,96.8291,3,125.6,0.1429
1948,11,93.1621,sensor_data,251.06,0.0178,104.8077,3,150.6,0.0714
1949,11,93.1752,control_signal,144.31,0.0384,98.8705,3,283.3,0.1534
1950,5,93.2312,aggregation,388.82,0.104,107.2894,2,483.6,0.4161
1951,2,93.2562,aggregation,479.09,0.073,106.9756,4,138.3,0.2919
1952,4,93.3201,alert,403.15,0.0358,99.1024,1,459.8,0.1432
1953,10,93.3331,control_signal,272.27,0.024,97.8436,3,154.1,0.0961
1954,3,93.3344,aggregation,103.91,0.0391,107.2806,2,178.1,0.1566
1955,5,93.3705,aggregation,417.36,0.0847,105.766,1,404.1,0.3389
1956,3,93.4293,image_processing,314.91,0.0807,103.8826,3,426.5,0.3227
1957,0,93.434,control_signal,445.48,0.0237,99.8889,2,307.8,0.0948
1958,11,93.487,aggregation,213.07,0.1366,110.2378,3,273.3,0.5463
1959,2,93.4927,control_signal,38.42,0.042,98.8997,3,180.8,0.1679
1960,1,93.5095,sensor_data,12.77,0.0613,102.1305,3,53.1,0.245
1961,8,93.5477,image_processing,15.93,0.1121,106.5157,1,258.6,0.4483
1962,11,93.5524,image_processing,31.83,0.1425,102.3961,3,225.6,0.5701
1963,0,93.598,image_processing,425.62,0.1376,105.7216,1,253.7,0.5504
1964,13,93.6337,sensor_data,123.97,0.0496,104.7454,4,233.4,0.1982
1965,13,93.6838,sensor_data,34.15,0.033,102.3737,1,241.6,0.1319
1966,5,93.6876,sensor_data,112.7,0.0127,99.8613,2,164.0,0.0506
1967,9,93.7012,control_signal,345.78,0.0319,99.6767,1,444.8,0.1276
1968,9,93.7782,sensor_data,242.63,0.0249,100.4737,1,367.9,0.0996
1969,7,93.7793,alert,72.34,0.0103,97.2342,2,51.4,0.0413
1970,8,93.8608,control_signal,435.83,0.0299,100.6025,3,243.1,0.1194
1971,4,93.9219,sensor_data,58.66,0.0746,102.3487,4,54.8,0.2985
1972,11,93.9264,control_signal,347.87,0.0098,100.0533,3,429.1,0.0392
1973,13,93.9343,image_processing,185.21,0.1349,107.9047,1,440.8,0.5396
1974,6,94.0046,image_processing,29.73,0.0873,100.893,3,434.3,0.3494
1975,4,94.0355,sensor_data,180.54,0.0163,101.6498,3,351.3,0.0654
1976,1,94.0612,sensor_data,209.47,0.055,100.8732,3,236.1,0.2199
1977,12,94.0757,control_signal,131.77,0.015,100.1801,4,265.7,0.0601
1978,7,94.1025,aggregation,61.47,0.076,106.0104,3,267.1,0.304
1979,6,94.1233,aggregation,156.44,0.0849,107.4418,1,433.7,0.3397
1980,1,94.148,image_processing,38.58,0.0832,104.326,4,147.7,0.3329
1981,3,94.2312,sensor_data,97.38,0.0742,103.776,4,254.0,0.2966
1982,0,94.2328,sensor_data,381.63,0.0669,102.2425,3,261.1,0.2675
1983,10,94.3351,alert,93.34,0.0304,98.4419,2,455.1,0.1217
1984,4,94.351,control_signal,488.58,0.011,97.5717,2,387.1,0.044
1985,8,94.3665,aggregation,481.13,0.0723,110.7577,3,378.8,0.2891
1986,6,94.4194,aggregation,187.38,0.0407,110.4169,3,462.5,0.1626
1987,10,94.5113,sensor_data,465.22,0.0118,104.5695,3,448.0,0.0472
1988,12,94.5496,image_processing,425.54,0.1213,104.3429,5,117.8,0.4852
1989,13,94.5625,control_signal,438.74,0.0206,100.6437,3,102.3,0.0824
1990,4,94.5676,image_processing,158.01,0.1217,101.3901,4,278.0,0.4868
1991,2,94.5929,control_signal,221.66,0.0191,101.4072,2,120.7,0.0763
1992,4,94.5965,aggregation,447.89,0.1243,108.0805,2,449.3,0.4974
1993,13,94.6856,control_signal,451.64,0.0206,101.1059,4,359.5,0.0825
1994,12,94.7019,aggregation,333.75,0.0605,108.4318,3,458.9,0.242
1995,10,94.7624,sensor_data,424.57,0.0225,101.2644,1,451.5,0.0898
1996,0,94.839,alert,412.95,0.033,99.0618,1,286.3,0.132
1997,6,94.8791,sensor_data,175.91,0.0724,100.5345,3,502.7,0.2894
1998,12,94.9411,aggregation,430.7,0.0921,109.4554,4,420.7,0.3682
1999,12,94.9801,aggregation,153.39,0.1356,105.8904,5,301.7,0.5422
2000,2,95.0,sensor_data,407.97,0.0552,105.7976,1,259.5,0.2208
